OTU_ID,C1,C2,C3,P1,P2,P3,Kingdom,Phylum,Class,Order,Family,Genus,Species
OTU4,17966,10006,175,329,231,1,k__Fungi,p__Mucoromycota,c__Mucoromycetes,o__Mucorales,f__Mucoraceae,g__Mucor,s__Mucor_circinelloides
OTU5,45,9258,161,1,2,0,k__Fungi,p__Basidiomycota,c__Agaricomycetes,o__Agaricales,f__Tricholomataceae,g__Pseudotricholoma,s__Pseudotricholoma_umbrosum
OTU27,12,1580,29,0,0,0,k__Fungi,p__Basidiomycota,c__Agaricomycetes,,,,
OTU26,10,1499,372,2,3,0,k__Fungi,p__Basidiomycota,c__Agaricomycetes,,,,
OTU35,4,940,0,0,0,4,k__Fungi,p__Ascomycota,c__Geoglossomycetes,o__Geoglossales,f__Geoglossaceae,g__Trichoglossum,s__Trichoglossum_walteri
OTU16,16,767,1681,3,66,401,k__Fungi,p__Ascomycota,,,,,
OTU31,54,489,1673,100,24,2,k__Plantae,p__unidentified,c__unidentified,o__unidentified,f__unidentified,g__unidentified,s__unidentified
OTU2,1334,464,0,4,3,2,k__Fungi,,,,,,
OTU72,2,373,0,0,0,0,k__Fungi,p__Basidiomycota,c__Agaricomycetes,o__Russulales,f__Russulaceae,g__Russula,
OTU11,1058,311,1682,254,335,360,k__Fungi,p__Ascomycota,,,,,
OTU66,1,308,0,0,0,0,k__Fungi,p__Ascomycota,,,,,
OTU487,4,225,2,0,30,166,k__Fungi,p__Ascomycota,c__Leotiomycetes,o__Leotiomycetes_ord_Incertae_sedis,f__Leotiomycetes_fam_Incertae_sedis,g__Leohumicola,s__Leohumicola_verrucosa
OTU52,1,176,470,0,2,2,k__Fungi,p__Basidiomycota,c__Agaricomycetes,o__Russulales,f__Russulaceae,g__Russula,
OTU88,2,175,0,0,0,1,k__Fungi,p__Ascomycota,,,,,
OTU1,624,173,0,0,0,0,k__Fungi,,,,,,
OTU98,1,167,29,0,0,0,k__Fungi,p__Basidiomycota,c__Agaricomycetes,o__Agaricales,f__Clavariaceae,g__Clavaria,
OTU67,0,120,125,0,1,0,k__Fungi,p__Basidiomycota,c__Agaricomycetes,o__Agaricales,f__Hygrophoraceae,g__Cuphophyllus,s__Cuphophyllus_lacmus
OTU133,2,113,0,0,0,0,k__Fungi,p__Ascomycota,c__Leotiomycetes,o__Helotiales,f__Dermateaceae,,
OTU42,749,108,130,195,273,365,k__Fungi,p__Ascomycota,c__Leotiomycetes,o__Leotiomycetes_ord_Incertae_sedis,f__Leotiomycetes_fam_Incertae_sedis,g__Leohumicola,s__unidentified
OTU132,1,94,0,0,0,0,k__Fungi,p__Ascomycota,c__Leotiomycetes,o__Leotiomycetes_ord_Incertae_sedis,f__Leotiomycetes_fam_Incertae_sedis,g__Leohumicola,s__unidentified
OTU9,63,87,1536,3085,467,25,k__Fungi,p__Basidiomycota,c__Geminibasidiomycetes,o__Geminibasidiales,f__Geminibasidiaceae,g__Geminibasidium,s__unidentified
OTU8,214,82,532,3803,2935,1550,k__Fungi,p__Basidiomycota,c__Tremellomycetes,o__Tremellales,f__Trimorphomycetaceae,g__Saitozyma,s__Saitozyma_podzolica
OTU77,28,69,90,64,152,81,k__Fungi,p__Ascomycota,c__Leotiomycetes,,,,
OTU211,108,51,4,0,0,0,k__Fungi,p__Mucoromycota,c__Mucoromycetes,o__Mucorales,f__Mucoraceae,g__Mucor,s__Mucor_circinelloides
OTU129,125,44,220,7,1,1,k__Fungi,p__Ascomycota,c__Dothideomycetes,o__Dothideomycetes_ord_Incertae_sedis,f__Gloniaceae,g__Cenococcum,
OTU118,0,35,33,1,1,0,k__Fungi,p__Ascomycota,c__Orbiliomycetes,o__Orbiliales,f__Orbiliaceae,,
OTU154,451,32,7,15,0,12,k__Plantae,p__Anthophyta,c__Monocotyledonae,o__Poales,f__Poaceae,g__unidentified,s__unidentified
OTU13,19,32,111,477,1591,754,k__Fungi,p__Ascomycota,c__Leotiomycetes,,,,
OTU273,0,32,3,0,0,31,k__Fungi,p__Basidiomycota,c__Agaricomycetes,o__Agaricales,f__Clavariaceae,g__Clavaria,s__Clavaria_flavipes
OTU134,0,32,9,99,0,3,k__Fungi,p__Basidiomycota,c__Agaricomycetes,o__Thelephorales,f__Thelephoraceae,g__Tomentella,
OTU158,0,31,12,0,0,1,k__Fungi,p__Ascomycota,,,,,
OTU294,1,27,3,0,0,0,k__Fungi,p__Ascomycota,,,,,
OTU161,0,26,13,0,0,0,k__Fungi,p__Mortierellomycota,c__Mortierellomycetes,o__Mortierellales,f__Mortierellaceae,g__Mortierella,s__Mortierella_gemmifera
OTU100,0,25,35,15,70,85,k__Fungi,p__Ascomycota,c__Sordariomycetes,o__Hypocreales,f__Clavicipitaceae,g__Metarhizium,s__Metarhizium_carneum
OTU119,0,25,48,0,2,0,k__Fungi,p__Ascomycota,,,,,
OTU12,27,24,195,205,1568,1310,k__Fungi,p__Ascomycota,c__Leotiomycetes,o__Leotiomycetes_ord_Incertae_sedis,f__Leotiomycetes_fam_Incertae_sedis,g__Leohumicola,s__Leohumicola_verrucosa
OTU92,0,24,105,27,23,3,k__Fungi,p__Ascomycota,c__Eurotiomycetes,o__Eurotiales,f__Aspergillaceae,g__Penicillium,s__Penicillium_verhagenii
OTU445,4,23,0,0,0,0,k__Fungi,,,,,,
OTU215,0,21,11,0,0,0,k__Fungi,p__Basidiomycota,c__Geminibasidiomycetes,o__Geminibasidiales,f__Geminibasidiaceae,g__Geminibasidium,s__unidentified
OTU295,0,18,14,0,3,0,k__Fungi,p__Ascomycota,,,,,
OTU69,6,17,56,14,47,96,k__Fungi,p__Mucoromycota,c__Umbelopsidomycetes,o__Umbelopsidales,f__Umbelopsidaceae,g__Umbelopsis,s__Umbelopsis_dimorpha
OTU63,6,17,179,18,50,39,k__Fungi,p__Ascomycota,c__Leotiomycetes,o__Helotiales,,,
OTU157,6,17,81,2,24,7,k__Fungi,p__Mortierellomycota,c__Mortierellomycetes,o__Mortierellales,f__Mortierellaceae,g__Mortierella,s__Mortierella_humilis
OTU505,0,17,0,0,0,0,k__Fungi,p__Ascomycota,,,,,
OTU217,0,15,0,0,0,0,k__Fungi,p__Ascomycota,c__Leotiomycetes,o__Helotiales,,,
OTU189,2,14,15,18,23,10,k__Fungi,p__Ascomycota,c__Eurotiomycetes,o__Eurotiales,f__Aspergillaceae,g__Penicillium,
OTU216,1,14,30,0,1,0,k__Fungi,p__Ascomycota,,,,,
OTU276,28,13,4,0,2,0,k__Fungi,p__GS19,c__unidentified,o__unidentified,f__unidentified,g__unidentified,s__unidentified
OTU51,0,13,188,99,55,39,k__Fungi,p__Mortierellomycota,c__Mortierellomycetes,o__Mortierellales,f__Mortierellaceae,g__Mortierella,
OTU282,21,10,1,2,3,4,k__Fungi,,,,,,
OTU181,1,10,86,0,1,0,k__Fungi,p__Ascomycota,,,,,
OTU219,0,10,0,0,0,0,k__Fungi,p__Ascomycota,c__Sordariomycetes,o__Hypocreales,,,
OTU173,9,9,19,38,3,39,k__Fungi,p__Ascomycota,c__Sordariomycetes,o__Sordariales,f__Sordariales_fam_Incertae_sedis,g__Dendrosporium,s__unidentified
OTU155,5,9,12,14,14,10,k__Fungi,p__Basidiomycota,c__Microbotryomycetes,o__Leucosporidiales,f__unidentified,g__unidentified,s__unidentified
OTU485,4,9,1,0,0,0,k__Fungi,,,,,,
OTU207,0,9,10,0,0,36,k__Fungi,p__GS19,c__unidentified,o__unidentified,f__unidentified,g__unidentified,s__unidentified
OTU180,0,9,47,0,3,6,k__Fungi,p__Ascomycota,c__Sordariomycetes,o__Hypocreales,f__Hypocreaceae,g__Trichoderma,
OTU290,0,9,16,1,0,0,k__Fungi,p__Glomeromycota,,,,,
OTU494,0,9,0,0,0,0,k__Fungi,p__Ascomycota,,,,,
OTU493,0,9,0,0,0,0,k__Fungi,,,,,,
OTU464,50,8,1,8,2,3,k__Fungi,,,,,,
OTU159,1,8,81,71,37,1,k__Fungi,p__Mortierellomycota,c__Mortierellomycetes,o__Mortierellales,f__Mortierellaceae,g__Mortierella,s__Mortierella_humilis
OTU298,24,7,1,4,0,1,k__Fungi,p__Basidiomycota,c__Microbotryomycetes,o__Sporidiobolales,f__Sporidiobolaceae,,
OTU301,9,7,21,0,1,0,k__Fungi,p__Ascomycota,,,,,
OTU96,2,7,21,36,38,104,k__Fungi,p__Ascomycota,c__Leotiomycetes,o__Leotiomycetes_ord_Incertae_sedis,f__Pseudeurotiaceae,g__Pseudogymnoascus,s__Pseudogymnoascus_roseus
OTU422,0,7,0,0,7,0,k__Fungi,p__Basidiomycota,c__Malasseziomycetes,o__Malasseziales,f__Malasseziaceae,g__Malassezia,s__Malassezia_globosa
OTU57,0,7,344,1,1,0,k__Fungi,p__Ascomycota,c__Pezizomycetes,o__Pezizales,f__Tuberaceae,g__Tuber,
OTU305,0,7,40,1,0,0,k__Plantae,p__unidentified,c__unidentified,o__unidentified,f__unidentified,g__unidentified,s__unidentified
OTU488,0,7,0,0,0,0,k__Fungi,,,,,,
OTU446,25,6,4,0,0,1,k__Fungi,,,,,,
OTU21,22,6,0,0,2,0,k__Fungi,,,,,,
OTU71,7,6,123,51,81,81,k__Fungi,p__Ascomycota,c__Eurotiomycetes,o__Eurotiales,f__Aspergillaceae,g__Penicillium,
OTU293,0,6,26,0,0,0,k__Fungi,p__Mucoromycota,c__Endogonomycetes,o__GS22,f__unidentified,g__unidentified,s__unidentified
OTU489,0,6,1,0,0,0,k__Fungi,p__Ascomycota,,,,,
OTU34,14,5,0,0,0,0,k__Fungi,,,,,,
OTU250,2,5,32,12,4,23,k__Fungi,p__Ascomycota,c__Leotiomycetes,o__Helotiales,f__Helotiales_fam_Incertae_sedis,g__Leptodontidium,s__Leptodontidium_trabinellum
OTU145,0,5,59,9,29,20,k__Fungi,p__Mortierellomycota,c__Mortierellomycetes,o__Mortierellales,f__Mortierellaceae,g__Mortierella,s__Mortierella_horticola
OTU492,0,5,0,1,3,19,k__Fungi,p__Ascomycota,c__Leotiomycetes,o__Leotiomycetes_ord_Incertae_sedis,f__Leotiomycetes_fam_Incertae_sedis,g__Leohumicola,s__unidentified
OTU253,0,5,0,28,11,11,k__Fungi,p__Mortierellomycota,c__Mortierellomycetes,o__Mortierellales,,,
OTU520,0,5,11,0,0,3,k__Fungi,p__Ascomycota,,,,,
OTU630,0,5,0,0,3,0,k__Fungi,p__Basidiomycota,c__Agaricomycetes,o__Cantharellales,f__Clavulinaceae,g__Clavulina,s__Clavulina_cinerea
OTU506,0,5,2,0,0,0,k__Fungi,p__Ascomycota,c__Sordariomycetes,o__Coniochaetales,f__Coniochaetaceae,g__Coniochaeta,
OTU156,0,5,0,0,0,0,k__Fungi,,,,,,
OTU508,0,5,0,0,0,0,k__Fungi,p__Ascomycota,,,,,
OTU442,160,4,0,11,7,8,k__Fungi,,,,,,
OTU38,11,4,0,0,0,0,k__Fungi,,,,,,
OTU491,5,4,0,0,0,0,k__Plantae,p__unidentified,c__unidentified,o__unidentified,f__unidentified,g__unidentified,s__unidentified
OTU519,4,4,0,0,2,0,k__Fungi,p__Ascomycota,c__Eurotiomycetes,o__Eurotiales,f__Aspergillaceae,g__Penicillium,
OTU163,3,4,80,2,2,1,k__Fungi,p__Mortierellomycota,c__Mortierellomycetes,o__Mortierellales,f__Mortierellaceae,g__Mortierella,s__Mortierella_angusta
OTU220,3,4,14,0,0,0,k__Fungi,p__Ascomycota,,,,,
OTU151,0,4,0,15,40,14,k__Fungi,p__Ascomycota,c__Sordariomycetes,o__Hypocreales,f__Nectriaceae,,
OTU99,0,4,89,9,76,12,k__Fungi,p__Mortierellomycota,c__Mortierellomycetes,o__Mortierellales,f__Mortierellaceae,g__Mortierella,s__Mortierella_beljakovae
OTU218,0,4,18,7,1,2,k__Fungi,p__Ascomycota,c__Sordariomycetes,o__Hypocreales,f__Clavicipitaceae,,
OTU292,0,4,0,0,0,0,k__Fungi,p__Ascomycota,c__Sordariomycetes,o__Sordariales,,,
OTU504,0,4,0,0,0,0,k__Fungi,,,,,,
OTU284,35,3,0,0,0,0,k__Fungi,p__Basidiomycota,c__Agaricomycetes,o__Agaricales,f__Tricholomataceae,g__Mycena,s__Mycena_abramsii
OTU126,18,3,157,0,1,0,k__Fungi,p__Ascomycota,,,,,
OTU233,12,3,68,0,2,0,k__Fungi,p__Ascomycota,,,,,
OTU82,11,3,34,54,57,207,k__Fungi,p__Ascomycota,,,,,
OTU447,10,3,0,0,0,0,k__Fungi,p__Ascomycota,c__Sordariomycetes,o__Hypocreales,f__Hypocreaceae,g__Trichoderma,
OTU46,9,3,13,155,135,5,k__Fungi,p__Basidiomycota,c__Agaricomycetes,o__Russulales,f__Bondarzewiaceae,g__Bondarzewia,s__Bondarzewia_mesenterica
OTU456,9,3,0,2,3,1,k__Fungi,p__Ascomycota,c__Dothideomycetes,o__Capnodiales,,,
OTU289,5,3,1,0,14,0,k__Fungi,p__Ascomycota,c__Eurotiomycetes,o__Eurotiales,f__Aspergillaceae,g__Penicillium,s__unidentified
OTU361,4,3,14,30,0,2,k__Fungi,p__Ascomycota,,,,,
OTU78,3,3,112,115,88,8,k__Fungi,p__Ascomycota,c__Sordariomycetes,o__Hypocreales,f__Nectriaceae,g__Ilyonectria,s__Ilyonectria_radicicola
OTU55,3,3,1,1,1,0,k__Fungi,,,,,,
OTU130,3,3,0,0,0,0,k__Fungi,,,,,,
OTU514,1,3,8,0,13,3,k__Fungi,p__Ascomycota,c__Sordariomycetes,,,,
OTU150,0,3,47,28,6,142,k__Fungi,p__Ascomycota,,,,,
OTU387,0,3,1,3,10,5,k__Fungi,p__Ascomycota,c__Sordariomycetes,o__Hypocreales,f__Hypocreaceae,g__Trichoderma,
OTU495,0,3,0,13,2,3,k__Fungi,p__Ascomycota,c__Sordariomycetes,o__Hypocreales,f__Clavicipitaceae,,
OTU221,0,3,31,28,12,1,k__Fungi,p__Ascomycota,,,,,
OTU513,0,3,2,0,0,0,k__Fungi,p__Ascomycota,,,,,
OTU302,0,3,0,0,0,0,k__Fungi,p__Ascomycota,c__Leotiomycetes,o__Helotiales,f__Helotiaceae,g__Ascocoryne,
OTU507,0,3,0,0,0,0,k__Fungi,p__Basidiomycota,c__Agaricomycetes,o__Polyporales,f__Coriolaceae,,
OTU29,3600,2,1,0,1,0,k__Fungi,p__Ascomycota,c__Eurotiomycetes,o__Eurotiales,f__Elaphomycetaceae,g__Elaphomyces,s__unidentified
OTU441,46,2,0,3,1,2,k__Fungi,p__Ascomycota,c__Dothideomycetes,o__Pleosporales,f__Didymellaceae,g__Neoascochyta,s__Neoascochyta_exitialis
OTU450,38,2,0,1,0,2,k__Fungi,,,,,,
OTU32,31,2,121,147,79,735,k__Fungi,p__Ascomycota,,,,,
OTU440,24,2,1,0,0,0,k__Fungi,p__Basidiomycota,c__Tremellomycetes,o__Tremellales,f__Bulleribasidiaceae,g__Dioszegia,s__Dioszegia_fristingensis
OTU162,12,2,14,6,1,11,k__Fungi,p__Basidiomycota,c__Agaricomycetes,o__Polyporales,f__Ganodermataceae,,
OTU455,10,2,0,0,0,1,k__Fungi,,,,,,
OTU196,9,2,0,14,13,40,k__Fungi,p__Ascomycota,,,,,
OTU59,5,2,41,17,43,120,k__Fungi,p__Mortierellomycota,c__Mortierellomycetes,o__Mortierellales,f__Mortierellaceae,g__Mortierella,s__Mortierella_pseudozygospora
OTU86,4,2,0,0,0,0,k__Fungi,,,,,,
OTU213,4,2,0,0,0,0,k__Fungi,,,,,,
OTU483,3,2,0,0,0,0,k__Fungi,,,,,,
OTU451,2,2,0,0,0,0,k__Fungi,,,,,,
OTU56,1,2,239,59,13,16,k__Fungi,p__Ascomycota,c__Sordariomycetes,o__Hypocreales,f__Hypocreaceae,g__Trichoderma,
OTU502,1,2,0,0,0,0,k__Fungi,,,,,,
OTU523,1,2,0,0,0,0,k__Fungi,,,,,,
OTU521,0,2,1,2,7,2,k__Fungi,p__Ascomycota,c__Eurotiomycetes,o__Onygenales,f__Gymnoascaceae,g__Leucothecium,s__Leucothecium_emdenii
OTU87,0,2,2,2,4,0,k__Fungi,,,,,,
OTU136,0,2,37,0,0,0,k__Fungi,p__Basidiomycota,c__Agaricomycetes,o__Russulales,f__Russulaceae,g__Russula,s__Russula_variata
OTU567,0,2,1,0,0,0,k__Fungi,p__Ascomycota,,,,,
OTU497,0,2,0,0,0,0,k__Fungi,,,,,,
OTU297,0,2,0,0,0,0,k__Fungi,,,,,,
OTU496,0,2,0,0,0,0,k__Fungi,p__Ascomycota,c__Dothideomycetes,o__Dothideomycetidae_ord_Incertae_sedis,f__Eremomycetaceae,g__Arthrographis,s__unidentified
OTU291,0,2,0,0,0,0,k__Fungi,,,,,,
OTU510,0,2,0,0,0,0,k__Fungi,,,,,,
OTU114,365,1,10,0,0,0,k__Fungi,p__Basidiomycota,c__Agaricomycetes,o__Russulales,f__Russulaceae,g__Russula,s__Russula_chloroides
OTU275,71,1,5,0,0,15,k__Fungi,p__Ascomycota,c__Leotiomycetes,o__Helotiales,,,
OTU468,11,1,0,0,0,1,k__Fungi,,,,,,
OTU89,7,1,20,42,33,79,k__Fungi,p__Ascomycota,,,,,
OTU486,7,1,0,0,0,0,k__Fungi,p__Basidiomycota,c__Tremellomycetes,o__Tremellales,f__Bulleraceae,g__Bullera,s__Bullera_unica
OTU210,6,1,0,0,0,0,k__Fungi,,,,,,
OTU65,5,1,0,0,0,0,k__Fungi,,,,,,
OTU471,5,1,0,0,0,0,k__Fungi,,,,,,
OTU457,5,1,0,0,0,0,k__Fungi,,,,,,
OTU482,3,1,0,0,0,5,k__Fungi,p__Ascomycota,c__Eurotiomycetes,o__Eurotiales,f__Aspergillaceae,g__Penicillium,
OTU285,3,1,0,1,1,1,k__Fungi,,,,,,
OTU345,3,1,7,0,0,0,k__Fungi,p__Ascomycota,,,,,
OTU277,3,1,0,0,0,0,k__Fungi,,,,,,
OTU517,2,1,0,2,5,4,k__Fungi,p__Ascomycota,c__Sordariomycetes,o__Sordariales,f__Chaetomiaceae,g__Chaetomium,
OTU300,2,1,0,0,27,0,k__Fungi,p__Ascomycota,c__Eurotiomycetes,o__Eurotiales,f__Aspergillaceae,g__Penicillium,s__Penicillium_bialowiezense
OTU208,2,1,0,0,1,0,k__Fungi,,,,,,
OTU47,1,1,36,337,87,97,k__Fungi,p__Ascomycota,c__Saccharomycetes,o__Saccharomycetales,f__unidentified,g__unidentified,s__unidentified
OTU120,1,1,52,27,8,29,k__Fungi,p__Basidiomycota,c__Tremellomycetes,o__Filobasidiales,f__Piskurozymaceae,g__Solicoccozyma,s__Solicoccozyma_terricola
OTU261,1,1,1,0,7,7,k__Fungi,p__Mucoromycota,c__Umbelopsidomycetes,o__Umbelopsidales,f__Umbelopsidaceae,g__Umbelopsis,s__Umbelopsis_ovata
OTU512,1,1,0,0,1,0,k__Fungi,,,,,,
OTU172,1,1,20,0,0,0,k__Fungi,p__Ascomycota,,,,,
OTU135,0,1,53,2,34,14,k__Fungi,p__Ascomycota,c__Leotiomycetes,o__Leotiomycetes_ord_Incertae_sedis,f__Pseudeurotiaceae,,
OTU580,0,1,3,0,2,1,k__Fungi,p__Ascomycota,c__Eurotiomycetes,o__Eurotiales,f__Aspergillaceae,g__Penicillium,
OTU522,0,1,0,2,0,1,k__Fungi,p__Ascomycota,c__Eurotiomycetes,o__Eurotiales,f__Aspergillaceae,g__Penicillium,
OTU408,0,1,0,0,13,0,k__Fungi,p__Basidiomycota,c__Agaricomycetes,o__Polyporales,f__Ganodermataceae,g__Ganoderma,s__Ganoderma_lucidum
OTU605,0,1,2,0,7,0,k__Fungi,p__Ascomycota,c__Eurotiomycetes,o__Eurotiales,f__Aspergillaceae,g__Penicillium,
OTU713,0,1,0,0,4,0,k__Fungi,p__Ascomycota,c__Eurotiomycetes,o__Eurotiales,f__Aspergillaceae,,
OTU360,0,1,24,8,3,0,k__Fungi,p__Ascomycota,c__Sordariomycetes,o__Sordariales,f__Chaetomiaceae,,
OTU185,0,1,48,7,1,0,k__Fungi,p__Ascomycota,,,,,
OTU699,0,1,2,2,1,0,k__Fungi,p__Ascomycota,c__Eurotiomycetes,o__Eurotiales,f__Trichocomaceae,g__Talaromyces,
OTU518,0,1,2,3,0,0,k__Fungi,p__Ascomycota,c__Sordariomycetes,o__Hypocreales,f__Stachybotryaceae,g__Myrothecium,s__Myrothecium_inundatum
OTU313,0,1,17,2,0,0,k__Fungi,p__Ascomycota,c__Dothideomycetes,o__Venturiales,,,
OTU105,0,1,123,0,0,0,k__Fungi,p__Ascomycota,,,,,
OTU332,0,1,40,0,0,0,k__Fungi,p__Chytridiomycota,c__Rhizophydiomycetes,o__Rhizophydiales,,,
OTU231,0,1,33,0,0,0,k__Fungi,p__Mortierellomycota,c__Mortierellomycetes,o__Mortierellales,f__Mortierellaceae,g__Mortierella,s__Mortierella_parvispora
OTU633,0,1,0,0,0,0,k__Fungi,,,,,,
OTU498,0,1,0,0,0,0,k__Fungi,,,,,,
OTU296,0,1,0,0,0,0,k__Fungi,p__Basidiomycota,c__Agaricomycetes,,,,
OTU501,0,1,0,0,0,0,k__Fungi,,,,,,
OTU500,0,1,0,0,0,0,k__Fungi,p__Ascomycota,c__Sordariomycetes,,,,
OTU490,0,1,0,0,0,0,k__Fungi,,,,,,
OTU503,0,1,0,0,0,0,k__Fungi,,,,,,
OTU515,0,1,0,0,0,0,k__Fungi,,,,,,
OTU131,213,0,0,0,0,0,k__Fungi,p__Basidiomycota,c__Agaricomycetes,o__Agaricales,f__Tricholomataceae,g__Tricholoma,s__Tricholoma_columbetta
OTU113,57,0,8,0,190,6,k__Fungi,p__Ascomycota,c__Dothideomycetes,o__Dothideomycetes_ord_Incertae_sedis,f__Gloniaceae,g__Cenococcum,
OTU669,44,0,0,0,1,0,k__Fungi,,,,,,
OTU209,40,0,3,1,4,4,k__Fungi,p__Ascomycota,c__Eurotiomycetes,,,,
OTU83,25,0,32,56,30,105,k__Fungi,p__Ascomycota,c__Ascomycota_cls_Incertae_sedis,o__Ascomycota_ord_Incertae_sedis,f__Ascomycota_fam_Incertae_sedis,g__Trichocladium,s__Trichocladium_opacum
OTU229,24,0,51,0,0,0,k__Fungi,p__Ascomycota,,,,,
OTU102,23,0,143,1,2,0,k__Fungi,p__Ascomycota,,,,,
OTU652,23,0,0,3,0,0,k__Fungi,p__Basidiomycota,c__Tremellomycetes,o__Tremellales,f__Bulleribasidiaceae,g__Dioszegia,s__Dioszegia_hungarica
OTU443,20,0,0,0,0,0,k__Fungi,,,,,,
OTU146,19,0,36,3,1,34,k__Fungi,p__Ascomycota,,,,,
OTU17,19,0,9,3,2317,6,k__Fungi,p__Ascomycota,c__Eurotiomycetes,o__Eurotiales,f__Trichocomaceae,g__Sagenomella,s__Sagenomella_verticillata
OTU115,19,0,201,2,2,0,k__Fungi,p__Ascomycota,,,,,
OTU278,16,0,0,0,0,0,k__Fungi,p__Basidiomycota,c__Agaricomycetes,o__Agaricales,f__Amanitaceae,g__Amanita,
OTU439,16,0,0,0,0,0,k__Fungi,,,,,,
OTU81,15,0,3,171,5,8,k__Fungi,p__Ascomycota,c__Pezizomycotina_cls_Incertae_sedis,o__GS35,f__unidentified,g__unidentified,s__unidentified
OTU236,15,0,11,0,1,0,k__Fungi,p__Ascomycota,c__Leotiomycetes,o__Helotiales,f__Dermateaceae,g__Rhizodermea,s__Rhizodermea_veluwensis
OTU462,12,0,0,0,1,0,k__Fungi,p__Ascomycota,c__Saccharomycetes,o__Saccharomycetales,f__Saccharomycetales_fam_Incertae_sedis,g__Candida,
OTU476,12,0,0,0,0,0,k__Fungi,p__Ascomycota,c__Leotiomycetes,o__Helotiales,f__Helotiales_fam_Incertae_sedis,g__Cadophora,s__Cadophora_finlandica
OTU459,10,0,1,0,0,0,k__Fungi,p__Ascomycota,,,,,
OTU362,9,0,0,24,3,1,k__Fungi,p__Ascomycota,c__Leotiomycetes,o__Helotiales,,,
OTU228,9,0,105,1,1,0,k__Fungi,p__Basidiomycota,c__Agaricomycetes,o__Sebacinales,f__Sebacinaceae,g__Sebacina,s__unidentified
OTU50,9,0,0,0,0,0,k__Fungi,,,,,,
OTU449,9,0,0,0,0,0,k__Fungi,p__Ascomycota,c__Dothideomycetes,o__Dothideomycetes_ord_Incertae_sedis,f__Gloniaceae,g__Cenococcum,
OTU266,8,0,2,0,18,29,k__Fungi,p__Ascomycota,c__Xylonomycetes,o__GS34,f__unidentified,g__unidentified,s__unidentified
OTU280,8,0,14,0,0,0,k__Fungi,p__Basidiomycota,c__Agaricomycetes,o__Agaricales,f__Cyphellaceae,g__Rectipilus,s__Rectipilus_idahoensis
OTU444,8,0,3,0,0,0,k__Fungi,p__Basidiomycota,c__Agaricomycetes,o__Sebacinales,f__Sebacinaceae,g__Sebacina,s__unidentified
OTU477,8,0,0,0,0,0,k__Fungi,p__Ascomycota,,,,,
OTU23,7,0,91,170,1192,668,k__Fungi,p__Ascomycota,c__Eurotiomycetes,o__Eurotiales,f__Trichocomaceae,g__Sagenomella,s__Sagenomella_striatispora
OTU124,7,0,100,0,2,5,k__Fungi,p__Ascomycota,,,,,
OTU281,7,0,3,0,0,0,k__Fungi,p__Mucoromycota,,,,,
OTU465,7,0,0,0,0,0,k__Fungi,,,,,,
OTU314,6,0,41,0,1,0,k__Fungi,p__Ascomycota,,,,,
OTU3,5,0,11,32,62,18,k__Fungi,,,,,,
OTU438,5,0,0,0,0,4,k__Fungi,p__Ascomycota,c__Sordariomycetes,o__Sordariales,f__unidentified,g__unidentified,s__unidentified
OTU117,5,0,0,0,0,0,k__Fungi,,,,,,
OTU448,5,0,0,0,0,0,k__Fungi,p__Basidiomycota,c__Tremellomycetes,o__Filobasidiales,f__Piskurozymaceae,g__Solicoccozyma,s__Solicoccozyma_terrea
OTU635,4,0,0,7,0,4,k__Fungi,p__Ascomycota,,,,,
OTU466,4,0,9,0,1,1,k__Fungi,p__Ascomycota,c__Eurotiomycetes,o__Eurotiales,f__Aspergillaceae,g__Penicillium,
OTU53,4,0,463,2,2,0,k__Fungi,p__Ascomycota,,,,,
OTU478,4,0,0,2,0,0,k__Fungi,,,,,,
OTU315,4,0,39,0,0,0,k__Fungi,p__Ascomycota,,,,,
OTU337,4,0,36,0,0,0,k__Fungi,,,,,,
OTU75,4,0,0,0,0,0,k__Fungi,,,,,,
OTU116,4,0,0,0,0,0,k__Fungi,,,,,,
OTU469,4,0,0,0,0,0,k__Fungi,p__Mucoromycota,c__Mucoromycetes,o__Mucorales,f__Rhizopodaceae,g__Rhizopus,s__Rhizopus_arrhizus
OTU480,4,0,0,0,0,0,k__Fungi,p__Basidiomycota,c__Agaricomycetes,o__Atheliales,f__Atheliaceae,g__Piloderma,s__unidentified
OTU279,4,0,0,0,0,0,k__Fungi,,,,,,
OTU84,3,0,132,14,11,140,k__Fungi,p__Ascomycota,,,,,
OTU48,3,0,572,2,5,1,k__Fungi,p__Basidiomycota,c__Agaricomycetes,o__Agaricales,f__Clavariaceae,g__Clavulinopsis,s__Clavulinopsis_laeticolor
OTU36,3,0,808,4,1,1,k__Fungi,p__Basidiomycota,,,,,
OTU264,3,0,3,0,23,0,k__Fungi,p__Basidiomycota,c__Agaricomycetes,o__Agaricales,f__Tricholomataceae,g__Delicatula,s__Delicatula_integrella
OTU479,3,0,0,0,1,0,k__Fungi,,,,,,
OTU463,3,0,5,0,0,0,k__Fungi,p__Ascomycota,,,,,
OTU458,3,0,1,0,0,0,k__Fungi,p__Basidiomycota,c__Agaricomycetes,o__Thelephorales,f__Thelephoraceae,,
OTU569,3,0,0,0,0,0,k__Fungi,,,,,,
OTU214,3,0,0,0,0,0,k__Fungi,,,,,,
OTU472,3,0,0,0,0,0,k__Fungi,,,,,,
OTU288,3,0,0,0,0,0,k__Fungi,,,,,,
OTU467,3,0,0,0,0,0,k__Fungi,,,,,,
OTU283,3,0,0,0,0,0,k__Fungi,,,,,,
OTU470,3,0,0,0,0,0,k__Fungi,,,,,,
OTU481,3,0,0,0,0,0,k__Fungi,,,,,,
OTU460,3,0,0,0,0,0,k__Fungi,,,,,,
OTU453,3,0,0,0,0,0,k__Fungi,,,,,,
OTU461,3,0,0,0,0,0,k__Fungi,,,,,,
OTU452,3,0,0,0,0,0,k__Fungi,p__Ascomycota,c__Sordariomycetes,o__Sordariales,f__Cephalothecaceae,g__Phialemonium,
OTU454,3,0,0,0,0,0,k__Fungi,p__Mortierellomycota,c__Mortierellomycetes,o__Mortierellales,f__Mortierellaceae,g__Mortierella,s__Mortierella_pseudozygospora
OTU109,2,0,300,57,63,121,k__Fungi,p__Ascomycota,,,,,
OTU107,2,0,9,92,11,61,k__Fungi,p__Ascomycota,c__Eurotiomycetes,o__Onygenales,f__unidentified,g__unidentified,s__unidentified
OTU166,2,0,16,1,0,39,k__Fungi,p__Ascomycota,,,,,
OTU41,2,0,270,108,435,35,k__Fungi,p__Mucoromycota,c__Endogonomycetes,o__GS20,f__unidentified,g__unidentified,s__unidentified
OTU171,2,0,66,3,4,5,k__Fungi,p__Ascomycota,c__Eurotiomycetes,o__Eurotiales,f__Aspergillaceae,g__Penicillium,s__unidentified
OTU417,2,0,0,0,31,1,k__Fungi,p__Ascomycota,,,,,
OTU484,2,0,0,0,0,1,k__Fungi,p__Ascomycota,c__Saccharomycetes,o__Saccharomycetales,f__Pichiaceae,g__Pichia,s__Pichia_kluyveri
OTU212,2,0,0,0,0,1,k__Fungi,,,,,,
OTU287,2,0,0,1,1,0,k__Fungi,,,,,,
OTU243,2,0,21,0,0,0,k__Fungi,p__Basidiomycota,c__Agaricomycetes,o__Agaricales,f__Amanitaceae,g__Amanita,s__Amanita_constricta
OTU499,2,0,0,0,0,0,k__Fungi,p__Ascomycota,c__Dothideomycetes,o__Capnodiales,f__Mycosphaerellaceae,,
OTU511,2,0,0,0,0,0,k__Fungi,,,,,,
OTU286,2,0,0,0,0,0,k__Fungi,,,,,,
OTU473,2,0,0,0,0,0,k__Fungi,,,,,,
OTU475,2,0,0,0,0,0,k__Fungi,,,,,,
OTU474,2,0,0,0,0,0,k__Fungi,,,,,,
OTU153,1,0,13,0,0,69,k__Fungi,p__Glomeromycota,c__Glomeromycetes,o__Glomerales,f__Glomeraceae,g__Rhizophagus,
OTU385,1,0,0,12,1,20,k__Fungi,p__Ascomycota,c__Leotiomycetes,o__Helotiales,f__Dermateaceae,,
OTU412,1,0,0,0,41,6,k__Fungi,p__Mucoromycota,c__Umbelopsidomycetes,o__Umbelopsidales,f__Umbelopsidaceae,g__Umbelopsis,s__Umbelopsis_ramanniana
OTU428,1,0,0,2,3,4,k__Fungi,p__Ascomycota,c__Sordariomycetes,o__Hypocreales,f__Clavicipitaceae,g__Metarhizium,
OTU725,1,0,0,0,0,2,k__Fungi,p__Ascomycota,,,,,
OTU591,1,0,65,0,2,0,k__Fungi,p__Ascomycota,c__Dothideomycetes,o__Dothideomycetes_ord_Incertae_sedis,f__Gloniaceae,g__Cenococcum,
OTU663,1,0,0,1,1,0,k__Fungi,p__Ascomycota,c__Sordariomycetes,o__Hypocreales,f__Clavicipitaceae,,
OTU563,1,0,2,0,1,0,k__Fungi,p__Ascomycota,c__Sordariomycetes,o__Coniochaetales,f__Coniochaetaceae,g__Coniochaeta,
OTU241,1,0,42,0,0,0,k__Fungi,p__Basidiomycota,c__Agaricomycetes,o__Agaricales,f__Cortinariaceae,g__Cortinarius,
OTU169,1,0,21,0,0,0,k__Fungi,p__Ascomycota,c__Sordariomycetes,o__Sordariales,f__Chaetomiaceae,,
OTU578,1,0,8,0,0,0,k__Fungi,p__Ascomycota,,,,,
OTU7,0,0,1187,21,32,8029,k__Fungi,p__Basidiomycota,c__Agaricomycetes,o__Russulales,f__Russulaceae,g__Russula,
OTU19,0,0,2,12,6,2364,k__Fungi,p__Basidiomycota,c__Agaricomycetes,o__Russulales,f__Russulaceae,g__Russula,s__Russula_crustosa
OTU6,0,0,5,3105,2305,1745,k__Fungi,p__Basidiomycota,c__Agaricomycetes,o__Sebacinales,f__Sebacinaceae,g__Sebacina,s__unidentified
OTU25,0,0,2,3,254,1512,k__Fungi,p__Basidiomycota,c__Agaricomycetes,o__Sebacinales,f__Sebacinaceae,g__Sebacina,s__unidentified
OTU44,0,0,47,414,505,948,k__Fungi,p__Ascomycota,,,,,
OTU49,0,0,0,2,1,457,k__Fungi,p__Basidiomycota,c__Agaricomycetes,o__Thelephorales,f__Thelephoraceae,,
OTU39,0,0,2,820,3,410,k__Fungi,p__Basidiomycota,c__Agaricomycetes,o__Sebacinales,f__Sebacinaceae,g__Sebacina,s__unidentified
OTU74,0,0,0,2,2,387,k__Fungi,p__Ascomycota,,,,,
OTU10,0,0,3,2709,97,296,k__Fungi,p__Basidiomycota,c__Agaricomycetes,o__Russulales,f__Russulaceae,g__Lactarius,
OTU45,0,0,1,2,293,236,k__Fungi,p__Ascomycota,c__Pezizomycetes,o__Pezizales,f__Pezizaceae,g__Pachyphloeus,s__unidentified
OTU64,0,0,3,213,102,232,k__Fungi,p__Ascomycota,,,,,
OTU94,0,0,0,56,3,211,k__Fungi,p__Ascomycota,,,,,
OTU149,0,0,0,172,0,171,k__Fungi,p__Basidiomycota,c__Agaricomycetes,o__Boletales,f__Boletaceae,g__Tylopilus,s__Tylopilus_atronicotianus
OTU128,0,0,0,1,0,169,k__Fungi,p__Basidiomycota,c__Agaricomycetes,o__Agaricales,f__Amanitaceae,g__Amanita,s__Amanita_alboflavescens
OTU60,0,0,124,106,44,154,k__Fungi,p__Basidiomycota,c__Pucciniomycotina_cls_Incertae_sedis,o__GS25,f__unidentified,g__unidentified,s__unidentified
OTU97,0,0,0,1,0,148,k__Fungi,p__Ascomycota,c__Sordariomycetes,o__Hypocreales,f__Nectriaceae,g__Gliocladiopsis,s__Gliocladiopsis_curvata
OTU20,0,0,4,1097,346,130,k__Fungi,p__Basidiomycota,c__Agaricomycetes,o__Boletales,f__Astraeaceae,g__Astraeus,s__Astraeus_hygrometricus
OTU106,0,0,34,2,117,115,k__Fungi,p__Ascomycota,c__Sordariomycetes,o__Chaetosphaeriales,f__Chaetosphaeriaceae,g__Chaetosphaeria,s__unidentified
OTU40,0,0,1,76,654,112,k__Fungi,p__Ascomycota,,,,,
OTU206,0,0,0,0,0,105,k__Fungi,p__Glomeromycota,c__Glomeromycetes,o__Glomerales,f__Glomeraceae,g__Rhizophagus,s__Rhizophagus_irregularis
OTU152,0,0,0,1,1,101,k__Fungi,p__Basidiomycota,c__Agaricomycetes,o__Russulales,f__Russulaceae,g__Lactifluus,
OTU269,0,0,1,0,2,97,k__Fungi,,,,,,
OTU204,0,0,0,0,0,96,k__Fungi,p__Basidiomycota,c__Agaricomycetes,o__Thelephorales,f__Thelephoraceae,g__Tomentella,
OTU112,0,0,0,25,1,93,k__Fungi,,,,,,
OTU203,0,0,0,6,1,83,k__Fungi,p__Ascomycota,c__Eurotiomycetes,o__Eurotiales,f__Aspergillaceae,g__Penicillium,
OTU177,0,0,8,26,0,75,k__Fungi,p__Ascomycota,,,,,
OTU43,0,0,0,261,72,73,k__Fungi,p__Ascomycota,,,,,
OTU191,0,0,0,39,0,68,k__Fungi,p__Basidiomycota,c__Agaricomycetes,o__Russulales,f__Russulaceae,g__Russula,s__unidentified
OTU719,0,0,0,0,0,62,k__Fungi,p__Basidiomycota,c__Agaricomycetes,o__Russulales,f__Russulaceae,g__Russula,s__Russula_crustosa
OTU267,0,0,0,0,0,61,k__Fungi,p__Glomeromycota,c__Glomeromycetes,o__Glomerales,f__Glomeraceae,,
OTU197,0,0,0,14,1,54,k__Fungi,p__Ascomycota,,,,,
OTU70,0,0,11,94,246,51,k__Fungi,p__Ascomycota,c__Eurotiomycetes,o__unidentified,f__unidentified,g__unidentified,s__unidentified
OTU272,0,0,0,0,1,51,k__Fungi,p__Ascomycota,c__Sordariomycetes,o__Chaetosphaeriales,f__Chaetosphaeriaceae,g__Chaetosphaeria,
OTU271,0,0,0,0,0,47,k__Fungi,p__Ascomycota,,,,,
OTU121,0,0,11,3,74,46,k__Fungi,p__Ascomycota,c__Eurotiomycetes,o__Eurotiales,f__Aspergillaceae,g__Penicillium,s__unidentified
OTU262,0,0,0,0,1,43,k__Fungi,p__Ascomycota,,,,,
OTU199,0,0,0,30,0,39,k__Fungi,p__Ascomycota,,,,,
OTU79,0,0,157,3,17,35,k__Fungi,p__Mortierellomycota,c__Mortierellomycetes,o__Mortierellales,f__Mortierellaceae,g__Mortierella,
OTU263,0,0,0,0,0,35,k__Fungi,p__Mortierellomycota,c__Mortierellomycetes,o__Mortierellales,f__Mortierellaceae,g__Mortierella,
OTU432,0,0,0,0,0,35,k__Fungi,p__Basidiomycota,c__Agaricomycetes,o__Sebacinales,f__Sebacinaceae,g__Sebacina,s__unidentified
OTU143,0,0,16,0,2,32,k__Fungi,p__Ascomycota,c__Dothideomycetes,o__Pleosporales,,,
OTU104,0,0,76,45,7,27,k__Fungi,p__Ascomycota,c__Archaeorhizomycetes,o__unidentified,f__unidentified,g__unidentified,s__unidentified
OTU186,0,0,9,38,40,25,k__Fungi,p__Ascomycota,c__Eurotiomycetes,o__Eurotiales,f__Aspergillaceae,g__Penicillium,
OTU205,0,0,0,1,0,25,k__Fungi,p__Ascomycota,,,,,
OTU377,0,0,0,2,0,24,k__Fungi,,,,,,
OTU413,0,0,0,1,11,23,k__Fungi,p__Ascomycota,,,,,
OTU127,0,0,0,18,1,21,k__Fungi,,,,,,
OTU400,0,0,0,0,6,19,k__Fungi,p__Ascomycota,c__Sordariomycetes,o__Sordariales,f__Cephalothecaceae,g__unidentified,s__unidentified
OTU685,0,0,0,0,1,19,k__Fungi,p__Ascomycota,c__Leotiomycetes,o__Helotiales,f__Helotiales_fam_Incertae_sedis,g__Leptodontidium,s__Leptodontidium_trabinellum
OTU274,0,0,0,1,2,18,k__Fungi,p__Mortierellomycota,c__Mortierellomycetes,o__Mortierellales,f__Mortierellaceae,g__Mortierella,s__unidentified
OTU437,0,0,0,0,0,18,k__Fungi,p__Mucoromycota,c__Umbelopsidomycetes,o__Umbelopsidales,f__Umbelopsidaceae,g__Umbelopsis,
OTU270,0,0,0,0,0,18,k__Fungi,p__Basidiomycota,c__Tremellomycetes,o__Tremellales,f__Tremellaceae,g__Tremella,s__unidentified
OTU224,0,0,35,0,17,17,k__Fungi,,,,,,
OTU430,0,0,0,0,0,17,k__Fungi,p__Ascomycota,c__Sordariomycetes,,,,
OTU405,0,0,0,0,1,15,k__Fungi,p__Ascomycota,c__Dothideomycetes,o__Pleosporales,,,
OTU435,0,0,0,0,0,15,k__Fungi,p__Glomeromycota,c__Glomeromycetes,o__Glomerales,,,
OTU731,0,0,0,0,0,15,k__Fungi,p__Ascomycota,c__Saccharomycetes,o__Saccharomycetales,f__Phaffomycetaceae,g__Cyberlindnera,s__Cyberlindnera_maclurae
OTU431,0,0,0,0,0,14,k__Fungi,p__Basidiomycota,c__Agaricomycetes,o__Cantharellales,f__Ceratobasidiaceae,,
OTU436,0,0,0,0,5,13,k__Fungi,p__Glomeromycota,c__Archaeosporomycetes,o__Archaeosporales,f__Archaeosporaceae,g__Archaeospora,s__unidentified
OTU429,0,0,0,0,3,13,k__Fungi,p__Glomeromycota,c__Archaeosporomycetes,o__Archaeosporales,f__Archaeosporaceae,g__Archaeospora,s__unidentified
OTU200,0,0,0,27,12,12,k__Fungi,p__Ascomycota,c__Sordariomycetes,o__Sordariales,f__Chaetomiaceae,g__Chaetomium,s__Chaetomium_homopilatum
OTU650,0,0,0,1,4,12,k__Fungi,p__Ascomycota,c__Dothideomycetes,o__Pleosporales,,,
OTU424,0,0,0,0,3,12,k__Fungi,p__Glomeromycota,c__Archaeosporomycetes,o__Archaeosporales,f__unidentified,g__unidentified,s__unidentified
OTU434,0,0,0,0,0,11,k__Fungi,p__Ascomycota,c__Sordariomycetes,o__Hypocreales,f__Hypocreales_fam_Incertae_sedis,g__Acremonium,
OTU382,0,0,0,2,11,10,k__Fungi,p__Ascomycota,c__Sordariomycetes,o__Hypocreales,f__Bionectriaceae,g__Clonostachys,s__Clonostachys_rosea
OTU426,0,0,0,0,2,10,k__Fungi,p__Ascomycota,c__Sordariomycetes,o__Hypocreales,,,
OTU333,0,0,21,0,0,10,k__Fungi,p__Ascomycota,c__Sordariomycetes,o__Hypocreales,f__Clavicipitaceae,,
OTU303,0,0,15,0,0,10,k__Fungi,p__Ascomycota,,,,,
OTU192,0,0,0,29,2,9,k__Fungi,p__Ascomycota,,,,,
OTU722,0,0,0,0,0,9,k__Fungi,,,,,,
OTU380,0,0,5,13,12,8,k__Fungi,p__Ascomycota,,,,,
OTU733,0,0,0,0,0,8,k__Fungi,p__Glomeromycota,c__Archaeosporomycetes,o__Archaeosporales,f__Archaeosporaceae,,
OTU726,0,0,0,0,0,8,k__Fungi,p__Mortierellomycota,c__Mortierellomycetes,o__Mortierellales,f__Mortierellaceae,g__Mortierella,s__Mortierella_hyalina
OTU15,0,0,1,2148,818,7,k__Fungi,p__Ascomycota,,,,,
OTU76,0,0,226,28,28,7,k__Fungi,p__Ascomycota,,,,,
OTU164,0,0,68,6,7,7,k__Fungi,,,,,,
OTU423,0,0,26,0,2,7,k__Fungi,p__Basidiomycota,c__Agaricomycetes,,,,
OTU268,0,0,0,1,1,7,k__Fungi,p__Ascomycota,c__Geoglossomycetes,o__Geoglossales,f__Geoglossaceae,g__Trichoglossum,
OTU427,0,0,0,1,0,7,k__Fungi,p__Ascomycota,c__Eurotiomycetes,o__Eurotiales,f__Aspergillaceae,g__Penicillium,
OTU732,0,0,1,0,0,7,k__Fungi,p__Ascomycota,,,,,
OTU743,0,0,0,0,0,7,k__Fungi,,,,,,
OTU739,0,0,0,0,0,7,k__Fungi,p__Ascomycota,,,,,
OTU748,0,0,0,0,0,7,k__Fungi,p__Ascomycota,,,,,
OTU723,0,0,0,0,0,7,k__Fungi,p__Ascomycota,,,,,
OTU742,0,0,0,0,0,7,k__Fungi,p__Mucoromycota,c__Umbelopsidomycetes,o__Umbelopsidales,f__Umbelopsidaceae,g__Umbelopsis,s__unidentified
OTU14,0,0,1,1127,2425,6,k__Fungi,p__Ascomycota,c__Pezizomycetes,o__Pezizales,f__Pezizaceae,,
OTU28,0,0,2642,7,12,6,k__Fungi,p__Basidiomycota,c__Agaricomycetes,o__Boletales,f__Boletaceae,g__unidentified,s__unidentified
OTU188,0,0,2,22,4,6,k__Fungi,p__Ascomycota,c__Leotiomycetes,o__Helotiales,f__Helotiaceae,,
OTU368,0,0,0,11,4,6,k__Fungi,p__Ascomycota,,,,,
OTU750,0,0,0,1,1,6,k__Fungi,p__Mortierellomycota,c__Mortierellomycetes,o__Mortierellales,f__Mortierellaceae,g__Mortierella,
OTU148,0,0,0,40,53,5,k__Fungi,p__Ascomycota,c__Ascomycota_cls_Incertae_sedis,o__Ascomycota_ord_Incertae_sedis,f__Ascomycota_fam_Incertae_sedis,g__Pseudoclathrosphaerina,s__unidentified
OTU184,0,0,108,5,3,5,k__Fungi,,,,,,
OTU682,0,0,0,0,3,5,k__Fungi,p__Glomeromycota,c__Glomeromycetes,o__Glomerales,,,
OTU634,0,0,1,49,2,5,k__Fungi,p__Ascomycota,c__Leotiomycetes,o__Leotiomycetes_ord_Incertae_sedis,f__Leotiomycetes_fam_Incertae_sedis,g__Leohumicola,
OTU572,0,0,1,4,0,5,k__Fungi,,,,,,
OTU741,0,0,0,2,0,5,k__Fungi,p__Ascomycota,,,,,
OTU389,0,0,0,1,0,5,Unclassified,,,,,,
OTU336,0,0,26,0,0,5,k__Fungi,p__Basidiomycota,c__Agaricomycetes,o__Agaricales,f__Lycoperdaceae,g__Lycoperdon,
OTU433,0,0,0,0,0,5,k__Fungi,p__Glomeromycota,c__Glomeromycetes,,,,
OTU724,0,0,0,0,0,5,k__Plantae,p__unidentified,c__unidentified,o__unidentified,f__unidentified,g__unidentified,s__unidentified
OTU729,0,0,0,0,0,5,k__Fungi,p__Ascomycota,,,,,
OTU397,0,0,0,3,9,4,k__Fungi,p__Ascomycota,c__Dothideomycetes,o__Capnodiales,f__Mycosphaerellaceae,g__Ramularia,
OTU744,0,0,0,0,0,4,k__Fungi,p__Basidiomycota,c__Agaricomycetes,o__Trechisporales,f__Hydnodontaceae,g__Trechispora,
OTU22,0,0,17,7,2452,3,k__Fungi,p__Basidiomycota,c__Agaricomycetes,o__Boletales,f__Sclerodermataceae,g__Scleroderma,s__Scleroderma_citrinum
OTU61,0,0,0,330,4,3,k__Plantae,,,,,,
OTU692,0,0,0,0,3,3,k__Fungi,p__Ascomycota,c__Leotiomycetes,o__Helotiales,,,
OTU623,0,0,13,32,2,3,k__Fungi,p__Ascomycota,c__Sordariomycetes,o__Hypocreales,f__Hypocreaceae,g__Trichoderma,
OTU58,0,0,446,1,2,3,k__Fungi,p__Basidiomycota,c__Agaricomycetes,o__Russulales,f__Russulaceae,g__Russula,s__Russula_rubellipes
OTU341,0,0,6,0,1,3,k__Fungi,p__Mortierellomycota,c__Mortierellomycetes,o__Mortierellales,f__Mortierellaceae,g__Mortierella,s__Mortierella_parvispora
OTU546,0,0,3,0,0,3,k__Fungi,,,,,,
OTU394,0,0,0,5,10,2,k__Fungi,p__Basidiomycota,c__Agaricomycetes,o__Sebacinales,f__Sebacinaceae,g__Sebacina,s__unidentified
OTU372,0,0,0,28,7,2,k__Fungi,p__Ascomycota,,,,,
OTU570,0,0,3,0,5,2,k__Fungi,p__Basidiomycota,c__Microbotryomycetes,o__unidentified,f__unidentified,g__unidentified,s__unidentified
OTU18,0,0,3,2051,2,2,k__Fungi,p__Ascomycota,c__Eurotiomycetes,o__Eurotiales,f__Elaphomycetaceae,g__Elaphomyces,s__Elaphomyces_maculatus
OTU174,0,0,56,1,1,2,k__Fungi,,,,,,
OTU706,0,0,0,0,1,2,k__Fungi,p__Glomeromycota,c__Archaeosporomycetes,o__Archaeosporales,f__Archaeosporaceae,g__Archaeospora,s__unidentified
OTU528,0,0,14,14,0,2,k__Fungi,p__Mortierellomycota,c__Mortierellomycetes,o__Mortierellales,f__Mortierellaceae,g__Mortierella,
OTU662,0,0,1,1,0,2,k__Fungi,p__Mucoromycota,c__Endogonomycetes,o__GS22,f__unidentified,g__unidentified,s__unidentified
OTU734,0,0,2,0,0,2,k__Fungi,p__Ascomycota,c__Sordariomycetes,o__Hypocreales,f__Hypocreales_fam_Incertae_sedis,g__Acremonium,s__Acremonium_spinosum
OTU745,0,0,0,0,0,2,k__Fungi,p__Mucoromycota,c__Mucoromycetes,o__Mucorales,f__Mucoraceae,g__Zygorhynchus,s__unidentified
OTU730,0,0,0,0,0,2,k__Fungi,,,,,,
OTU728,0,0,0,0,0,2,k__Fungi,p__Basidiomycota,c__Agaricomycetes,o__Polyporales,f__Coriolaceae,g__Rigidoporus,s__Rigidoporus_pouzarii
OTU738,0,0,0,0,0,2,k__Fungi,p__Basidiomycota,c__Agaricomycetes,o__Agaricales,f__Amanitaceae,g__Amanita,
OTU746,0,0,0,0,0,2,k__Fungi,p__Ascomycota,c__Sordariomycetes,o__Chaetosphaeriales,f__Chaetosphaeriaceae,g__Chaetosphaeria,
OTU24,0,0,0,1,1946,1,k__Fungi,p__Basidiomycota,c__Agaricomycetes,o__Russulales,f__Russulaceae,g__Russula,s__Russula_cyanoxantha
OTU30,0,0,0,886,864,1,k__Fungi,p__Basidiomycota,c__Agaricomycetes,o__Russulales,f__Russulaceae,g__Russula,s__Russula_melzeri
OTU54,0,0,0,246,243,1,k__Fungi,p__Basidiomycota,c__Agaricomycetes,o__Agaricales,f__Inocybaceae,g__Inocybe,s__Inocybe_calamistrata
OTU353,0,0,2,1,8,1,k__Fungi,p__Basidiomycota,c__Agaricomycetes,o__Russulales,f__Russulaceae,g__Russula,s__Russula_changbaiensis
OTU665,0,0,0,0,7,1,k__Fungi,p__Glomeromycota,c__Archaeosporomycetes,o__Archaeosporales,f__unidentified,g__unidentified,s__unidentified
OTU609,0,0,1,0,4,1,k__Fungi,p__Chytridiomycota,c__Rhizophydiomycetes,o__Rhizophydiales,,,
OTU629,0,0,1,3,2,1,k__Fungi,p__Basidiomycota,c__Cystobasidiomycetes,,,,
OTU222,0,0,54,0,2,1,k__Fungi,,,,,,
OTU632,0,0,0,11,1,1,k__Fungi,p__Ascomycota,,,,,
OTU193,0,0,0,93,0,1,k__Fungi,p__Basidiomycota,,,,,
OTU626,0,0,0,24,0,1,k__Fungi,p__Ascomycota,c__Pezizomycetes,o__Pezizales,,,
OTU255,0,0,0,14,0,1,k__Fungi,p__Ascomycota,,,,,
OTU318,0,0,42,6,0,1,k__Fungi,p__Basidiomycota,c__Agaricomycetes,o__Agaricales,f__Clavariaceae,g__Clavaria,s__unidentified
OTU637,0,0,0,2,0,1,k__Fungi,,,,,,
OTU68,0,0,246,1,0,1,k__Fungi,p__Basidiomycota,c__Agaricomycetes,o__Russulales,f__Russulaceae,g__Lactarius,s__Lactarius_chrysorrheus
OTU141,0,0,51,1,0,1,k__Fungi,p__Ascomycota,,,,,
OTU552,0,0,11,1,0,1,k__Fungi,p__Ascomycota,c__Orbiliomycetes,o__GS33,f__unidentified,g__unidentified,s__unidentified
OTU737,0,0,0,1,0,1,k__Fungi,p__Ascomycota,c__Sordariomycetes,o__Hypocreales,,,
OTU647,0,0,0,1,0,1,k__Fungi,p__Basidiomycota,c__Agaricomycetes,o__Agaricales,f__Entolomataceae,g__Entoloma,s__Entoloma_terreum
OTU657,0,0,0,1,0,1,k__Fungi,p__Ascomycota,,,,,
OTU624,0,0,0,1,0,1,k__Fungi,p__Ascomycota,c__Sordariomycetes,o__Chaetosphaeriales,f__Chaetosphaeriaceae,,
OTU138,0,0,112,0,0,1,k__Fungi,p__Basidiomycota,c__Agaricomycetes,o__Agaricales,f__Clavariaceae,g__Clavulinopsis,
OTU108,0,0,79,0,0,1,k__Fungi,p__Ascomycota,c__Sordariomycetes,o__Sordariales,f__Chaetomiaceae,,
OTU234,0,0,61,0,0,1,k__Fungi,p__Glomeromycota,c__Glomeromycetes,o__Glomerales,f__Glomeraceae,g__unidentified,s__unidentified
OTU248,0,0,54,0,0,1,k__Fungi,p__Ascomycota,,,,,
OTU323,0,0,15,0,0,1,k__Fungi,p__Basidiomycota,c__Agaricomycetes,o__Agaricales,f__Inocybaceae,g__Inocybe,
OTU575,0,0,14,0,0,1,k__Fungi,p__Basidiomycota,c__Agaricomycetes,o__Trechisporales,f__Hydnodontaceae,g__Trechispora,
OTU574,0,0,10,0,0,1,k__Fungi,p__Ascomycota,,,,,
OTU599,0,0,5,0,0,1,k__Fungi,p__Basidiomycota,c__Agaricomycetes,o__Agaricales,f__Clavariaceae,,
OTU232,0,0,5,0,0,1,Unclassified,,,,,,
OTU343,0,0,2,0,0,1,k__Fungi,p__Basidiomycota,c__Agaricomycetes,o__Agaricales,f__Cortinariaceae,g__Cortinarius,s__Cortinarius_hinnuleus
OTU579,0,0,1,0,0,1,k__Fungi,,,,,,
OTU735,0,0,0,0,0,1,k__Fungi,p__Glomeromycota,c__Archaeosporomycetes,o__Archaeosporales,f__Archaeosporaceae,g__Archaeospora,s__unidentified
OTU260,0,0,0,0,0,1,k__Fungi,,,,,,
OTU160,0,0,0,0,0,1,k__Fungi,,,,,,
OTU202,0,0,0,0,0,1,k__Fungi,,,,,,
OTU747,0,0,0,0,0,1,k__Fungi,p__Basidiomycota,c__Agaricomycetes,o__Agaricales,f__Entolomataceae,g__Entoloma,s__unidentified
OTU720,0,0,0,0,0,1,k__Fungi,p__Mortierellomycota,c__Mortierellomycetes,o__Mortierellales,f__Mortierellaceae,g__Mortierella,s__Mortierella_echinula
OTU85,0,0,1,71,56,0,k__Fungi,p__Ascomycota,c__Sordariomycetes,o__Hypocreales,f__Hypocreaceae,g__Trichoderma,
OTU393,0,0,0,0,48,0,k__Fungi,,,,,,
OTU201,0,0,0,33,41,0,k__Fungi,p__Basidiomycota,,,,,
OTU404,0,0,0,0,32,0,k__Fungi,p__Ascomycota,,,,,
OTU258,0,0,0,0,31,0,k__Fungi,p__Basidiomycota,c__Agaricomycetes,o__Cantharellales,f__Ceratobasidiaceae,g__Ceratobasidium,s__unidentified
OTU390,0,0,0,0,27,0,k__Fungi,p__Glomeromycota,c__Archaeosporomycetes,o__Archaeosporales,f__Archaeosporaceae,,
OTU403,0,0,0,0,23,0,k__Fungi,p__Ascomycota,,,,,
OTU697,0,0,0,0,21,0,k__Fungi,p__Ascomycota,c__Eurotiomycetes,,,,
OTU414,0,0,0,0,21,0,k__Fungi,p__Ascomycota,,,,,
OTU396,0,0,0,0,20,0,k__Fungi,p__Ascomycota,c__Sordariomycetes,o__Diaporthales,f__Valsaceae,,
OTU265,0,0,0,0,20,0,k__Fungi,p__Ascomycota,c__Eurotiomycetes,o__Onygenales,f__Onygenaceae,g__unidentified,s__unidentified
OTU140,0,0,31,9,16,0,k__Fungi,p__Basidiomycota,,,,,
OTU187,0,0,18,0,16,0,k__Fungi,p__Ascomycota,c__Pezizomycetes,o__Pezizales,f__Pezizaceae,g__unidentified,s__unidentified
OTU678,0,0,0,1,15,0,k__Fungi,p__Ascomycota,,,,,
OTU391,0,0,0,1,15,0,k__Fungi,p__Ascomycota,c__Leotiomycetes,o__Helotiales,,,
OTU672,0,0,0,0,15,0,k__Fungi,p__Ascomycota,c__Sordariomycetes,o__Hypocreales,f__Bionectriaceae,g__Clonostachys,
OTU410,0,0,0,0,15,0,k__Fungi,p__Basidiomycota,c__Agaricomycetes,o__Agaricales,f__Hydnangiaceae,g__Laccaria,
OTU418,0,0,0,0,14,0,k__Fungi,p__Ascomycota,,,,,
OTU407,0,0,0,0,13,0,k__Fungi,p__Basidiomycota,c__Agaricomycetes,o__Boletales,f__Boletaceae,,
OTU411,0,0,0,0,13,0,k__Fungi,p__Basidiomycota,c__Agaricomycetes,o__Boletales,f__Sclerodermataceae,g__Scleroderma,s__Scleroderma_areolatum
OTU694,0,0,0,0,13,0,k__Fungi,p__Ascomycota,c__Sordariomycetes,o__Hypocreales,f__Nectriaceae,,
OTU415,0,0,6,1,12,0,k__Fungi,p__Ascomycota,,,,,
OTU684,0,0,0,0,12,0,k__Fungi,p__Ascomycota,c__Pezizomycetes,o__Pezizales,f__Pezizaceae,g__Hydnobolites,s__unidentified
OTU398,0,0,0,0,11,0,k__Fungi,p__Basidiomycota,c__Agaricomycetes,o__Boletales,f__Melanogastraceae,,
OTU392,0,0,0,0,11,0,k__Fungi,,,,,,
OTU240,0,0,135,10,10,0,k__Fungi,p__Mortierellomycota,c__Mortierellomycetes,o__Mortierellales,f__Mortierellaceae,g__Mortierella,
OTU375,0,0,0,0,9,0,k__Fungi,p__Basidiomycota,c__Agaricomycetes,o__Russulales,f__Russulaceae,g__Russula,s__unidentified
OTU690,0,0,0,0,9,0,k__Fungi,p__Ascomycota,c__Leotiomycetes,o__Helotiales,,,
OTU677,0,0,0,0,9,0,k__Fungi,,,,,,
OTU419,0,0,0,0,9,0,k__Fungi,p__Glomeromycota,c__Archaeosporomycetes,o__Archaeosporales,f__unidentified,g__unidentified,s__unidentified
OTU399,0,0,0,0,9,0,k__Fungi,p__Basidiomycota,c__Tritirachiomycetes,o__Tritirachiales,f__Tritirachiaceae,g__Paratritirachium,s__unidentified
OTU671,0,0,0,1,8,0,k__Fungi,p__Basidiomycota,c__Geminibasidiomycetes,o__Geminibasidiales,f__Geminibasidiaceae,g__Geminibasidium,s__unidentified
OTU395,0,0,0,0,8,0,k__Fungi,,,,,,
OTU259,0,0,0,0,8,0,k__Fungi,p__Basidiomycota,c__Agaricomycetes,o__Sebacinales,f__Sebacinaceae,g__Sebacina,s__unidentified
OTU416,0,0,0,0,8,0,k__Fungi,p__Ascomycota,,,,,
OTU712,0,0,0,0,7,0,k__Fungi,p__Ascomycota,c__Eurotiomycetes,o__Eurotiales,,,
OTU373,0,0,0,2,6,0,k__Fungi,p__Basidiomycota,c__Agaricomycetes,o__Boletales,f__Boletinellaceae,g__Boletinellus,s__Boletinellus_merulioides
OTU402,0,0,0,0,6,0,k__Fungi,p__Basidiomycota,c__Agaricomycetes,o__Russulales,f__Albatrellaceae,g__Leucogaster,
OTU673,0,0,0,0,6,0,k__Fungi,p__Basidiomycota,c__Agaricomycetes,o__Agaricales,f__Inocybaceae,g__Inocybe,s__Inocybe_mutata
OTU674,0,0,0,0,6,0,k__Fungi,p__Basidiomycota,c__Agaricomycetes,o__Agaricales,f__Lycoperdaceae,g__Lycoperdon,
OTU420,0,0,0,0,6,0,k__Fungi,p__Ascomycota,,,,,
OTU621,0,0,0,8,5,0,k__Fungi,,,,,,
OTU710,0,0,0,5,5,0,k__Fungi,,,,,,
OTU33,0,0,1062,2,5,0,k__Fungi,p__Basidiomycota,c__Agaricomycetes,o__Agaricales,f__Hygrophoraceae,,
OTU700,0,0,0,2,5,0,k__Fungi,p__Basidiomycota,c__Agaricomycetes,o__Agaricales,f__Clavariaceae,g__Camarophyllopsis,s__Camarophyllopsis_schulzeri
OTU670,0,0,5,0,5,0,k__Fungi,p__Ascomycota,c__Sordariomycetes,o__Hypocreales,f__Hypocreaceae,g__Trichoderma,
OTU666,0,0,0,0,5,0,k__Fungi,p__Mucoromycota,c__Umbelopsidomycetes,o__GS23,f__unidentified,g__unidentified,s__unidentified
OTU702,0,0,0,0,5,0,k__Fungi,,,,,,
OTU707,0,0,0,0,5,0,k__Fungi,p__Ascomycota,c__Sordariomycetes,o__Sordariales,f__Lasiosphaeriaceae,g__Cercophora,s__Cercophora_sparsa
OTU696,0,0,0,0,5,0,k__Fungi,p__Basidiomycota,c__Agaricomycetes,o__Cantharellales,f__Cantharellales_fam_Incertae_sedis,g__Sistotrema,
OTU708,0,0,0,0,5,0,k__Fungi,p__Ascomycota,c__Sordariomycetes,o__Hypocreales,f__Clavicipitaceae,g__Pochonia,s__Pochonia_bulbillosa
OTU715,0,0,0,0,5,0,k__Fungi,p__Basidiomycota,c__Agaricomycetes,o__Agaricales,f__Tricholomataceae,g__Tricholoma,s__Tricholoma_fulvum
OTU111,0,0,0,84,4,0,k__Fungi,p__Basidiomycota,c__Agaricomycetes,o__Russulales,f__Russulaceae,g__Russula,s__Russula_subvinosa
OTU653,0,0,0,1,4,0,k__Fungi,p__Ascomycota,c__Dothideomycetes,o__Pleosporales,f__Didymellaceae,,
OTU249,0,0,15,0,4,0,k__Fungi,p__Ascomycota,c__Leotiomycetes,o__Helotiales,,,
OTU409,0,0,0,0,4,0,k__Fungi,p__Ascomycota,c__Dothideomycetes,o__Pleosporales,,,
OTU717,0,0,0,0,4,0,k__Fungi,,,,,,
OTU718,0,0,0,0,4,0,k__Fungi,p__Ascomycota,,,,,
OTU687,0,0,0,1,3,0,k__Fungi,,,,,,
OTU125,0,0,190,0,3,0,k__Fungi,p__Basidiomycota,c__Agaricomycetes,o__Atheliales,f__Atheliaceae,g__Byssocorticium,s__Byssocorticium_pulchrum
OTU183,0,0,45,0,3,0,k__Fungi,p__Basidiomycota,c__Geminibasidiomycetes,o__Geminibasidiales,f__Geminibasidiaceae,g__Geminibasidium,s__unidentified
OTU238,0,0,40,0,3,0,k__Fungi,p__Ascomycota,c__Dothideomycetes,o__Dothideomycetes_ord_Incertae_sedis,f__Gloniaceae,g__Cenococcum,
OTU683,0,0,0,0,3,0,k__Fungi,p__Basidiomycota,c__Malasseziomycetes,o__Malasseziales,f__Malasseziaceae,g__Malassezia,s__Malassezia_restricta
OTU680,0,0,0,0,3,0,k__Fungi,p__Ascomycota,c__Leotiomycetes,,,,
OTU401,0,0,0,0,3,0,k__Fungi,p__Ascomycota,c__Leotiomycetes,o__Helotiales,f__Leotiaceae,g__Leotia,s__Leotia_lubrica
OTU667,0,0,0,0,3,0,k__Fungi,p__Glomeromycota,c__Glomeromycetes,o__Glomerales,f__Claroideoglomeraceae,g__Claroideoglomus,
OTU703,0,0,0,0,3,0,k__Fungi,p__Chytridiomycota,c__Chytridiomycetes,o__Chytridiales,f__Chytriomycetaceae,,
OTU679,0,0,0,0,3,0,k__Fungi,p__Ascomycota,,,,,
OTU37,0,0,3,5,2,0,k__Fungi,,,,,,
OTU142,0,0,112,3,2,0,k__Fungi,p__Ascomycota,,,,,
OTU62,0,0,341,1,2,0,k__Fungi,p__Ascomycota,,,,,
OTU91,0,0,154,1,2,0,k__Fungi,p__Basidiomycota,c__Agaricomycetes,o__Agaricales,f__Clavariaceae,g__Clavaria,s__Clavaria_falcata
OTU73,0,0,405,0,2,0,k__Fungi,p__Ascomycota,c__Pezizomycetes,o__Pezizales,f__Pezizaceae,g__Hydnobolites,
OTU122,0,0,183,0,2,0,k__Fungi,p__Basidiomycota,c__Agaricomycetes,o__Russulales,f__Russulaceae,g__Lactarius,s__Lactarius_quietus
OTU80,0,0,169,0,2,0,k__Fungi,p__Ascomycota,,,,,
OTU227,0,0,64,0,2,0,k__Fungi,p__Basidiomycota,c__Agaricomycetes,o__Thelephorales,f__Thelephoraceae,g__Pseudotomentella,s__unidentified
OTU175,0,0,51,0,2,0,k__Fungi,,,,,,
OTU664,0,0,0,0,2,0,k__Fungi,p__Ascomycota,c__Geoglossomycetes,o__Geoglossales,f__Geoglossaceae,g__Geoglossum,s__Geoglossum_difforme
OTU709,0,0,0,0,2,0,k__Fungi,p__Basidiomycota,c__Agaricomycetes,o__Agaricales,f__Inocybaceae,g__Inocybe,s__Inocybe_hystrix
OTU689,0,0,0,0,2,0,Unclassified,,,,,,
OTU676,0,0,0,0,2,0,k__Fungi,p__Basidiomycota,c__Agaricomycetes,o__Agaricales,f__Clavariaceae,g__Clavaria,
OTU711,0,0,0,0,2,0,k__Fungi,p__Ascomycota,,,,,
OTU714,0,0,0,0,2,0,k__Fungi,p__Ascomycota,c__Sordariomycetes,,,,
OTU716,0,0,0,0,2,0,k__Fungi,p__Ascomycota,,,,,
OTU675,0,0,0,0,2,0,k__Fungi,p__Ascomycota,c__Sordariomycetes,o__Diaporthales,f__Valsaceae,,
OTU198,0,0,0,64,1,0,k__Fungi,p__Basidiomycota,c__Agaricomycetes,o__Agaricales,f__Inocybaceae,g__Inocybe,s__Inocybe_cookei
OTU379,0,0,0,17,1,0,k__Fungi,p__Ascomycota,c__Eurotiomycetes,o__Eurotiales,,,
OTU139,0,0,78,1,1,0,k__Fungi,p__Ascomycota,,,,,
OTU170,0,0,38,1,1,0,k__Fungi,p__Ascomycota,,,,,
OTU558,0,0,22,1,1,0,k__Fungi,p__Mortierellomycota,c__Mortierellomycetes,o__Mortierellales,f__Mortierellaceae,g__Mortierella,
OTU644,0,0,0,1,1,0,k__Fungi,p__Ascomycota,c__Sordariomycetes,o__Xylariales,f__Xylariaceae,g__Nemania,s__Nemania_serpens
OTU406,0,0,0,1,1,0,k__Fungi,,,,,,
OTU103,0,0,137,0,1,0,k__Fungi,p__Ascomycota,c__Xylonomycetes,o__GS34,f__unidentified,g__unidentified,s__unidentified
OTU165,0,0,101,0,1,0,k__Fungi,,,,,,
OTU101,0,0,99,0,1,0,k__Fungi,p__Basidiomycota,c__Agaricomycetes,o__Agaricales,f__Amanitaceae,g__Amanita,
OTU354,0,0,78,0,1,0,k__Fungi,p__Ascomycota,c__Dothideomycetes,o__Dothideomycetes_ord_Incertae_sedis,f__Gloniaceae,g__Cenococcum,
OTU144,0,0,59,0,1,0,k__Fungi,p__Ascomycota,,,,,
OTU137,0,0,41,0,1,0,k__Fungi,p__Ascomycota,c__Dothideomycetes,o__Dothideomycetes_ord_Incertae_sedis,f__Gloniaceae,g__Cenococcum,
OTU182,0,0,39,0,1,0,k__Fungi,p__Ascomycota,,,,,
OTU176,0,0,25,0,1,0,k__Fungi,p__Basidiomycota,c__Microbotryomycetes,,,,
OTU540,0,0,21,0,1,0,k__Fungi,p__Ascomycota,c__Eurotiomycetes,o__Eurotiales,f__Aspergillaceae,g__Penicillium,s__unidentified
OTU321,0,0,20,0,1,0,k__Fungi,,,,,,
OTU357,0,0,20,0,1,0,k__Fungi,,,,,,
OTU319,0,0,17,0,1,0,k__Fungi,p__Basidiomycota,c__Agaricomycetes,o__Agaricales,f__Cortinariaceae,g__Cortinarius,
OTU340,0,0,14,0,1,0,k__Fungi,p__Glomeromycota,c__Glomeromycetes,o__Glomerales,f__Glomeraceae,,
OTU559,0,0,13,0,1,0,k__Fungi,p__Glomeromycota,c__Glomeromycetes,o__Glomerales,f__Glomeraceae,,
OTU533,0,0,13,0,1,0,k__Fungi,p__Basidiomycota,c__Agaricomycetes,o__Sebacinales,f__Sebacinaceae,g__Sebacina,s__unidentified
OTU573,0,0,8,0,1,0,k__Fungi,p__Basidiomycota,c__Agaricomycetes,o__Agaricales,f__Amanitaceae,g__Amanita,s__Amanita_nivalis
OTU544,0,0,8,0,1,0,k__Fungi,p__Ascomycota,c__Sordariomycetes,o__Hypocreales,,,
OTU539,0,0,6,0,1,0,k__Fungi,p__Glomeromycota,c__Archaeosporomycetes,o__Archaeosporales,f__Archaeosporaceae,,
OTU619,0,0,6,0,1,0,k__Fungi,p__Ascomycota,,,,,
OTU565,0,0,5,0,1,0,k__Fungi,p__Basidiomycota,c__Agaricomycetes,o__Agaricales,f__Clavariaceae,g__Clavulinopsis,s__Clavulinopsis_luteoalba
OTU614,0,0,4,0,1,0,k__Fungi,p__Mortierellomycota,c__Mortierellomycetes,o__Mortierellales,f__Mortierellaceae,g__Mortierella,s__Mortierella_globulifera
OTU686,0,0,1,0,1,0,k__Fungi,p__Ascomycota,,,,,
OTU705,0,0,0,0,1,0,k__Fungi,p__Ascomycota,,,,,
OTU646,0,0,0,0,1,0,k__Fungi,p__Basidiomycota,c__Agaricomycetes,o__Boletales,,,
OTU698,0,0,0,0,1,0,k__Fungi,p__Ascomycota,,,,,
OTU688,0,0,0,0,1,0,k__Fungi,p__Basidiomycota,c__Tremellomycetes,o__Tremellales,f__Trimorphomycetaceae,g__Saitozyma,s__Saitozyma_podzolica
OTU691,0,0,0,0,1,0,k__Fungi,p__Ascomycota,,,,,
OTU421,0,0,0,0,1,0,k__Fungi,p__Ascomycota,c__Pezizomycetes,o__Pezizales,f__Pyronemataceae,,
OTU695,0,0,0,0,1,0,k__Fungi,p__Basidiomycota,,,,,
OTU693,0,0,0,0,1,0,k__Plantae,p__unidentified,c__unidentified,o__unidentified,f__unidentified,g__unidentified,s__unidentified
OTU425,0,0,0,0,1,0,k__Fungi,p__Ascomycota,c__Eurotiomycetes,o__Eurotiales,f__Aspergillaceae,,
OTU668,0,0,0,0,1,0,k__Fungi,,,,,,
OTU110,0,0,0,138,0,0,k__Fungi,p__Ascomycota,c__Leotiomycetes,o__Helotiales,f__Helotiaceae,g__Cudoniella,s__Cudoniella_acicularis
OTU95,0,0,0,113,0,0,k__Fungi,p__Ascomycota,c__Pezizomycetes,o__Pezizales,f__Pezizaceae,,
OTU194,0,0,0,44,0,0,k__Fungi,p__Ascomycota,c__Eurotiomycetes,o__Eurotiales,f__Elaphomycetaceae,g__Elaphomyces,s__Elaphomyces_decipiens
OTU251,0,0,0,42,0,0,k__Fungi,p__Ascomycota,,,,,
OTU370,0,0,0,23,0,0,k__Fungi,p__Ascomycota,c__Sordariomycetes,o__Hypocreales,f__Nectriaceae,g__Nectria,s__Nectria_ramulariae
OTU374,0,0,0,21,0,0,k__Fungi,p__Basidiomycota,c__Tremellomycetes,,,,
OTU256,0,0,2,16,0,0,k__Fungi,p__Ascomycota,c__Sordariomycetes,o__Hypocreales,f__Nectriaceae,g__Volutella,s__unidentified
OTU366,0,0,0,16,0,0,k__Fungi,,,,,,
OTU628,0,0,0,14,0,0,k__Fungi,p__Ascomycota,c__Dothideomycetes,o__Pleosporales,f__Fenestellaceae,g__Fenestella,s__Fenestella_mackenziei
OTU378,0,0,0,11,0,0,k__Fungi,p__Glomeromycota,c__Glomeromycetes,o__Glomerales,f__Glomeraceae,g__Rhizophagus,
OTU383,0,0,0,10,0,0,k__Fungi,p__Ascomycota,c__Sordariomycetes,o__Coniochaetales,f__Coniochaetaceae,g__Coniochaeta,
OTU388,0,0,0,10,0,0,k__Fungi,p__Glomeromycota,,,,,
OTU254,0,0,0,8,0,0,k__Fungi,p__Mortierellomycota,c__Mortierellomycetes,o__Mortierellales,f__Mortierellaceae,g__Mortierella,s__unidentified
OTU376,0,0,0,8,0,0,k__Fungi,p__Basidiomycota,c__Agaricomycetes,o__Agaricales,f__Clavariaceae,g__Clavaria,
OTU367,0,0,0,7,0,0,k__Fungi,p__Ascomycota,,,,,
OTU625,0,0,0,6,0,0,k__Fungi,p__GS19,c__unidentified,o__unidentified,f__unidentified,g__unidentified,s__unidentified
OTU648,0,0,0,6,0,0,k__Fungi,p__Ascomycota,c__Sordariomycetes,o__Xylariales,,,
OTU639,0,0,0,5,0,0,k__Fungi,p__Mortierellomycota,c__Mortierellomycetes,o__Mortierellales,f__Mortierellaceae,g__Mortierella,s__Mortierella_turficola
OTU641,0,0,0,5,0,0,k__Fungi,p__Basidiomycota,c__Agaricomycetes,o__Cantharellales,f__Cantharellales_fam_Incertae_sedis,g__Sistotrema,s__Sistotrema_sernanderi
OTU195,0,0,0,5,0,0,k__Fungi,p__Ascomycota,,,,,
OTU381,0,0,0,5,0,0,k__Fungi,p__Ascomycota,,,,,
OTU371,0,0,0,5,0,0,k__Fungi,p__Ascomycota,,,,,
OTU363,0,0,0,5,0,0,k__Fungi,p__Glomeromycota,,,,,
OTU642,0,0,0,4,0,0,k__Fungi,p__Ascomycota,c__Dothideomycetes,o__Pleosporales,,,
OTU643,0,0,0,4,0,0,k__Fungi,p__Ascomycota,,,,,
OTU384,0,0,1,3,0,0,k__Fungi,p__Mortierellomycota,c__Mortierellomycetes,o__Mortierellales,f__Mortierellaceae,g__Mortierella,
OTU651,0,0,1,3,0,0,k__Fungi,p__Ascomycota,c__Leotiomycetes,o__Helotiales,,,
OTU365,0,0,0,3,0,0,k__Fungi,p__Basidiomycota,c__Tremellomycetes,o__Trichosporonales,f__Trichosporonaceae,,
OTU649,0,0,0,3,0,0,k__Fungi,p__Mucoromycota,c__Umbelopsidomycetes,o__Umbelopsidales,f__Umbelopsidaceae,g__Umbelopsis,s__unidentified
OTU660,0,0,0,3,0,0,k__Fungi,p__Ascomycota,,,,,
OTU659,0,0,0,3,0,0,k__Fungi,,,,,,
OTU257,0,0,0,2,0,0,k__Fungi,,,,,,
OTU622,0,0,0,2,0,0,k__Fungi,p__Ascomycota,c__Eurotiomycetes,,,,
OTU369,0,0,0,2,0,0,k__Fungi,p__Basidiomycota,c__Agaricomycetes,o__Atheliales,f__Atheliaceae,g__Athelia,
OTU364,0,0,0,2,0,0,k__Fungi,p__Chytridiomycota,c__Rhizophydiomycetes,o__Rhizophydiales,f__Rhizophydiaceae,g__Rhizophydium,s__unidentified
OTU386,0,0,0,2,0,0,k__Fungi,,,,,,
OTU638,0,0,0,2,0,0,k__Fungi,,,,,,
OTU90,0,0,239,1,0,0,k__Fungi,p__Basidiomycota,c__Agaricomycetes,o__Russulales,f__Russulaceae,g__Russula,s__Russula_crustosa
OTU123,0,0,115,1,0,0,k__Fungi,p__Basidiomycota,c__Agaricomycetes,o__Boletales,f__Calostomataceae,g__Calostoma,s__Calostoma_cinnabarinum
OTU230,0,0,69,1,0,0,k__Fungi,,,,,,
OTU339,0,0,42,1,0,0,k__Fungi,p__Ascomycota,,,,,
OTU246,0,0,37,1,0,0,k__Fungi,p__Basidiomycota,c__Agaricomycetes,o__Agaricales,f__Clavariaceae,g__Clavaria,s__Clavaria_fragilis
OTU247,0,0,21,1,0,0,k__Fungi,p__Ascomycota,,,,,
OTU550,0,0,7,1,0,0,k__Fungi,,,,,,
OTU595,0,0,5,1,0,0,k__Fungi,p__Ascomycota,c__Leotiomycetes,o__Helotiales,f__Dermateaceae,g__Mollisia,s__unidentified
OTU640,0,0,3,1,0,0,k__Fungi,p__GS19,c__unidentified,o__unidentified,f__unidentified,g__unidentified,s__unidentified
OTU627,0,0,0,1,0,0,k__Fungi,,,,,,
OTU661,0,0,0,1,0,0,k__Fungi,p__Basidiomycota,c__Agaricomycetes,o__Agaricales,f__Entolomataceae,g__Entoloma,s__Entoloma_terreum
OTU631,0,0,0,1,0,0,k__Fungi,p__Ascomycota,,,,,
OTU655,0,0,0,1,0,0,k__Fungi,p__Ascomycota,c__Sordariomycetes,o__Hypocreales,f__Hypocreaceae,g__Trichoderma,s__Trichoderma_sinuosum
OTU645,0,0,0,1,0,0,k__Fungi,,,,,,
OTU654,0,0,0,1,0,0,k__Fungi,p__Ascomycota,c__Sordariomycetes,o__Glomerellales,f__Plectosphaerellaceae,g__Plectosphaerella,
OTU656,0,0,0,1,0,0,k__Fungi,p__Ascomycota,c__Pezizomycetes,o__Pezizales,f__Pyronemataceae,g__Sphaerosporella,s__unidentified
OTU93,0,0,145,0,0,0,k__Fungi,p__Ascomycota,,,,,
OTU167,0,0,68,0,0,0,k__Fungi,,,,,,
OTU223,0,0,56,0,0,0,k__Fungi,p__Basidiomycota,c__Agaricomycetes,,,,
OTU225,0,0,48,0,0,0,k__Fungi,p__Ascomycota,,,,,
OTU178,0,0,46,0,0,0,k__Fungi,p__Ascomycota,c__Orbiliomycetes,o__Orbiliales,f__Orbiliaceae,,
OTU237,0,0,45,0,0,0,k__Fungi,p__Ascomycota,c__Pezizomycetes,o__Pezizales,f__Pyronemataceae,g__Genea,s__Genea_hispidula
OTU168,0,0,39,0,0,0,k__Fungi,p__Basidiomycota,c__Agaricomycetes,o__Russulales,f__Russulaceae,g__Russula,
OTU242,0,0,36,0,0,0,k__Fungi,p__Ascomycota,,,,,
OTU244,0,0,33,0,0,0,k__Fungi,p__Basidiomycota,c__Agaricomycetes,o__Agaricales,f__Clavariaceae,g__Camarophyllopsis,s__Camarophyllopsis_atrovelutina
OTU308,0,0,30,0,0,0,k__Fungi,p__Basidiomycota,c__Agaricomycetes,o__Agaricales,f__Entolomataceae,g__Entoloma,
OTU317,0,0,28,0,0,0,k__Fungi,p__Basidiomycota,c__Agaricomycetes,,,,
OTU307,0,0,27,0,0,0,k__Fungi,,,,,,
OTU311,0,0,26,0,0,0,k__Fungi,p__Ascomycota,,,,,
OTU306,0,0,25,0,0,0,k__Fungi,p__Mortierellomycota,c__Mortierellomycetes,o__Mortierellales,f__Mortierellaceae,g__Dissophora,s__Dissophora_ornata
OTU147,0,0,24,0,0,0,k__Fungi,p__Basidiomycota,c__Agaricomycetes,o__Agaricales,f__Lyophyllaceae,g__Asterophora,s__Asterophora_parasitica
OTU576,0,0,24,0,0,0,k__Fungi,,,,,,
OTU226,0,0,24,0,0,0,k__Fungi,p__Basidiomycota,c__Agaricomycetes,o__Thelephorales,f__Thelephoraceae,,
OTU347,0,0,23,0,0,0,k__Fungi,p__Glomeromycota,c__Glomeromycetes,o__Glomerales,f__Glomeraceae,,
OTU322,0,0,22,0,0,0,k__Fungi,p__Ascomycota,,,,,
OTU239,0,0,22,0,0,0,k__Fungi,p__Basidiomycota,c__Agaricomycetes,o__Agaricales,f__Hygrophoraceae,,
OTU330,0,0,19,0,0,0,k__Fungi,,,,,,
OTU530,0,0,19,0,0,0,k__Fungi,p__Basidiomycota,c__Agaricomycetes,o__Agaricales,f__Clavariaceae,g__Ramariopsis,s__unidentified
OTU245,0,0,18,0,0,0,k__Fungi,p__Ascomycota,c__Geoglossomycetes,o__Geoglossomycetes_ord_Incertae_sedis,f__Geoglossomycetes_fam_Incertae_sedis,g__Nothomitra,s__Nothomitra_cinnamomea
OTU344,0,0,18,0,0,0,k__Fungi,p__Basidiomycota,,,,,
OTU613,0,0,18,0,0,0,k__Fungi,,,,,,
OTU179,0,0,17,0,0,0,k__Fungi,,,,,,
OTU325,0,0,17,0,0,0,k__Fungi,p__Ascomycota,,,,,
OTU235,0,0,17,0,0,0,k__Fungi,p__Ascomycota,c__Sordariomycetes,o__Sordariales,,,
OTU320,0,0,17,0,0,0,k__Fungi,p__Mucoromycota,c__Mucoromycetes,o__Mucorales,f__Mucoraceae,g__Mucor,s__Mucor_silvaticus
OTU547,0,0,17,0,0,0,k__Fungi,p__Basidiomycota,c__Agaricomycetes,o__Agaricales,,,
OTU358,0,0,17,0,0,0,k__Fungi,p__Basidiomycota,c__Agaricomycetes,o__Sebacinales,f__Sebacinaceae,g__Sebacina,s__unidentified
OTU309,0,0,16,0,0,0,k__Fungi,,,,,,
OTU190,0,0,16,0,0,0,k__Fungi,,,,,,
OTU359,0,0,16,0,0,0,k__Fungi,,,,,,
OTU335,0,0,15,0,0,0,k__Fungi,p__Basidiomycota,c__Agaricomycetes,o__Agaricales,f__Hygrophoraceae,g__Gliophorus,s__unidentified
OTU542,0,0,15,0,0,0,k__Fungi,p__Ascomycota,,,,,
OTU531,0,0,15,0,0,0,k__Fungi,p__Ascomycota,c__Pezizomycetes,o__Pezizales,f__Pezizaceae,,
OTU324,0,0,14,0,0,0,k__Fungi,p__Glomeromycota,,,,,
OTU328,0,0,14,0,0,0,k__Fungi,p__Ascomycota,c__Sordariomycetes,o__Xylariales,f__Sporocadaceae,g__Pestalotiopsis,s__unidentified
OTU342,0,0,14,0,0,0,k__Fungi,p__Basidiomycota,c__Agaricomycetes,o__Agaricales,f__Clavariaceae,g__Camarophyllopsis,s__Camarophyllopsis_atrovelutina
OTU549,0,0,13,0,0,0,k__Fungi,p__Basidiomycota,c__Agaricomycetes,o__Boletales,f__Boletaceae,g__Strobilomyces,s__Strobilomyces_strobilaceus
OTU316,0,0,13,0,0,0,k__Fungi,p__Mucoromycota,c__Endogonomycetes,o__GS20,f__unidentified,g__unidentified,s__unidentified
OTU557,0,0,13,0,0,0,k__Fungi,p__Basidiomycota,c__Agaricomycetes,,,,
OTU304,0,0,12,0,0,0,k__Fungi,p__Basidiomycota,c__Agaricomycetes,o__Atheliales,f__Atheliaceae,g__Byssocorticium,s__unidentified
OTU338,0,0,12,0,0,0,k__Fungi,,,,,,
OTU561,0,0,12,0,0,0,k__Fungi,p__Ascomycota,,,,,
OTU331,0,0,12,0,0,0,k__Fungi,,,,,,
OTU334,0,0,12,0,0,0,k__Fungi,,,,,,
OTU350,0,0,12,0,0,0,k__Fungi,p__Glomeromycota,c__Archaeosporomycetes,o__Archaeosporales,f__Ambisporaceae,g__Ambispora,s__unidentified
OTU562,0,0,12,0,0,0,k__Fungi,p__Ascomycota,,,,,
OTU348,0,0,11,0,0,0,k__Fungi,p__Basidiomycota,c__Agaricomycetes,o__Tremellodendropsidales,f__unidentified,g__unidentified,s__unidentified
OTU524,0,0,11,0,0,0,k__Fungi,p__Ascomycota,c__Pezizomycetes,o__Pezizales,f__Discinaceae,g__Hydnotrya,s__unidentified
OTU566,0,0,11,0,0,0,k__Fungi,p__Ascomycota,,,,,
OTU560,0,0,11,0,0,0,k__Fungi,p__Basidiomycota,c__Agaricomycetes,o__Russulales,f__Russulaceae,g__Lactarius,s__Lactarius_deceptivus
OTU346,0,0,10,0,0,0,k__Fungi,p__Ascomycota,c__Eurotiomycetes,,,,
OTU548,0,0,10,0,0,0,k__Fungi,,,,,,
OTU602,0,0,9,0,0,0,k__Fungi,p__Ascomycota,,,,,
OTU327,0,0,9,0,0,0,k__Fungi,p__Basidiomycota,c__Agaricomycetes,o__Thelephorales,f__Thelephoraceae,,
OTU588,0,0,9,0,0,0,k__Fungi,p__Ascomycota,c__Leotiomycetes,o__Helotiales,f__Helotiaceae,g__Ascocoryne,s__Ascocoryne_sarcoides
OTU553,0,0,9,0,0,0,k__Fungi,p__Ascomycota,c__Sordariomycetes,,,,
OTU593,0,0,8,0,0,0,k__Fungi,p__Basidiomycota,c__Agaricomycetes,o__Agaricales,f__Amanitaceae,g__Amanita,
OTU329,0,0,8,0,0,0,k__Fungi,p__Ascomycota,c__Lecanoromycetes,,,,
OTU603,0,0,8,0,0,0,k__Fungi,p__Basidiomycota,c__Agaricomycetes,o__Agaricales,f__Amanitaceae,g__Amanita,
OTU618,0,0,8,0,0,0,k__Fungi,p__Basidiomycota,c__Agaricomycetes,o__Agaricales,f__Entolomataceae,g__Entoloma,s__Entoloma_alboumbonatum
OTU351,0,0,7,0,0,0,k__Fungi,p__Glomeromycota,c__Archaeosporomycetes,o__Archaeosporales,f__Ambisporaceae,g__Ambispora,s__unidentified
OTU310,0,0,7,0,0,0,k__Fungi,,,,,,
OTU536,0,0,7,0,0,0,k__Fungi,p__Ascomycota,,,,,
OTU349,0,0,7,0,0,0,k__Fungi,p__Ascomycota,c__Leotiomycetes,o__Helotiales,,,
OTU352,0,0,7,0,0,0,k__Fungi,p__Ascomycota,c__Dothideomycetes,o__Pleosporales,,,
OTU596,0,0,7,0,0,0,k__Fungi,p__Ascomycota,,,,,
OTU527,0,0,7,0,0,0,k__Fungi,p__Basidiomycota,c__Tremellomycetes,o__Trichosporonales,f__Trichosporonaceae,,
OTU600,0,0,7,0,0,0,k__Fungi,p__Basidiomycota,c__Agaricomycetes,o__Agaricales,f__Clavariaceae,g__Clavaria,
OTU356,0,0,7,0,0,0,k__Fungi,p__Ascomycota,c__Leotiomycetes,o__Helotiales,f__Leotiaceae,g__Leotia,s__Leotia_lubrica
OTU312,0,0,6,0,0,0,k__Fungi,p__Basidiomycota,c__Agaricomycetes,o__Russulales,f__Russulaceae,g__Russula,s__Russula_flavida
OTU538,0,0,6,0,0,0,k__Fungi,p__Basidiomycota,c__Agaricomycetes,o__Agaricales,f__Entolomataceae,g__Entoloma,
OTU606,0,0,6,0,0,0,k__Fungi,,,,,,
OTU537,0,0,6,0,0,0,k__Fungi,p__Ascomycota,,,,,
OTU535,0,0,6,0,0,0,k__Fungi,p__Ascomycota,c__Pezizomycetes,o__Pezizales,f__Pyronemataceae,g__Scutellinia,s__Scutellinia_cejpii
OTU608,0,0,5,0,0,0,k__Fungi,p__Ascomycota,,,,,
OTU532,0,0,5,0,0,0,k__Fungi,,,,,,
OTU534,0,0,4,0,0,0,k__Plantae,p__Anthophyta,c__Eudicotyledonae,o__Fagales,f__Fagaceae,g__Quercus,s__unidentified
OTU581,0,0,4,0,0,0,k__Fungi,p__Ascomycota,c__Lecanoromycetes,o__Lecanorales,,,
OTU584,0,0,4,0,0,0,k__Fungi,p__Ascomycota,,,,,
OTU590,0,0,4,0,0,0,k__Fungi,p__Glomeromycota,c__Archaeosporomycetes,o__Archaeosporales,f__Archaeosporaceae,g__Archaeospora,s__unidentified
OTU556,0,0,4,0,0,0,k__Fungi,,,,,,
OTU617,0,0,4,0,0,0,k__Fungi,,,,,,
OTU598,0,0,4,0,0,0,k__Fungi,p__Ascomycota,c__Leotiomycetes,o__Helotiales,f__Leotiaceae,g__Neobulgaria,s__Neobulgaria_pura
OTU564,0,0,4,0,0,0,k__Fungi,,,,,,
OTU551,0,0,4,0,0,0,k__Fungi,p__Ascomycota,c__Sordariomycetes,o__Hypocreales,f__Ophiocordycipitaceae,g__Tolypocladium,s__unidentified
OTU529,0,0,4,0,0,0,k__Fungi,p__Ascomycota,,,,,
OTU589,0,0,4,0,0,0,k__Fungi,p__Ascomycota,c__Leotiomycetes,o__Helotiales,f__Hyaloscyphaceae,g__Arachnopeziza,
OTU526,0,0,4,0,0,0,k__Fungi,p__Basidiomycota,c__Microbotryomycetes,o__Leucosporidiales,f__unidentified,g__unidentified,s__unidentified
OTU585,0,0,3,0,0,0,k__Fungi,p__Ascomycota,c__Dothideomycetes,,,,
OTU594,0,0,3,0,0,0,k__Fungi,p__Basidiomycota,c__Agaricomycetes,o__Agaricales,f__Clavariaceae,,
OTU545,0,0,3,0,0,0,k__Fungi,p__Ascomycota,c__Leotiomycetes,o__Helotiales,f__Helotiaceae,,
OTU583,0,0,3,0,0,0,k__Fungi,p__Basidiomycota,c__Agaricomycetes,o__Thelephorales,f__Thelephoraceae,,
OTU326,0,0,3,0,0,0,k__Fungi,p__Ascomycota,c__Sordariomycetes,,,,
OTU586,0,0,3,0,0,0,k__Fungi,p__Basidiomycota,c__Agaricomycetes,o__Trechisporales,f__Hydnodontaceae,g__Brevicellicium,s__Brevicellicium_exile
OTU620,0,0,2,0,0,0,k__Fungi,p__Ascomycota,,,,,
OTU610,0,0,2,0,0,0,k__Fungi,p__Ascomycota,c__Leotiomycetes,o__Helotiales,,,
OTU554,0,0,2,0,0,0,k__Fungi,p__Chytridiomycota,c__unidentified,o__unidentified,f__unidentified,g__unidentified,s__unidentified
OTU525,0,0,2,0,0,0,k__Fungi,p__Ascomycota,,,,,
OTU612,0,0,2,0,0,0,k__Fungi,,,,,,
OTU592,0,0,2,0,0,0,k__Fungi,p__Ascomycota,,,,,
OTU541,0,0,2,0,0,0,k__Fungi,p__Glomeromycota,c__Glomeromycetes,o__Glomerales,f__Glomeraceae,g__unidentified,s__unidentified
OTU568,0,0,2,0,0,0,k__Fungi,p__Ascomycota,,,,,
OTU740,0,0,2,0,0,0,k__Fungi,p__Ascomycota,c__Sordariomycetes,o__Hypocreales,f__Ophiocordycipitaceae,g__Haptocillium,s__Haptocillium_sinense
OTU582,0,0,2,0,0,0,k__Fungi,p__Basidiomycota,c__Agaricomycetes,o__Agaricales,f__Cortinariaceae,,
OTU601,0,0,2,0,0,0,k__Fungi,p__Basidiomycota,c__Agaricomycetes,,,,
OTU616,0,0,2,0,0,0,k__Fungi,p__Ascomycota,c__Leotiomycetes,,,,
OTU597,0,0,1,0,0,0,k__Fungi,p__Glomeromycota,c__Archaeosporomycetes,o__Archaeosporales,f__Archaeosporaceae,g__Archaeospora,s__unidentified
OTU615,0,0,1,0,0,0,k__Fungi,,,,,,
OTU611,0,0,1,0,0,0,k__Fungi,p__Basidiomycota,c__Agaricomycetes,o__Agaricales,f__Clavariaceae,,
OTU571,0,0,1,0,0,0,k__Fungi,p__Basidiomycota,,,,,